name,pan_like_id,mobile,email,city,dob,source_customer_id,holdings,portfolio_value
Aryan Maharaj,RVIFL3321B,0133890838,harsh16@example.org,Bhatpara,1970-02-09,EQU-DEMO-s1,11,983912
Chaaya Pathak,QOXSF9310O,6475255341,nihalshere@example.com,Proddatur,1970-04-19,EQU-DEMO-s2,12,909791
Aadi Naik,ZTPDP7015K,1718227824,saimuni@example.com,Bahraich,2000-03-20,EQU-DEMO-s4,10,350000
Unni Bhagat,ZGPMM1065I,2624731781,khalsaojas@example.com,Ongole,1970-01-15,EQU-DEMO-s5,13,260000
Bhavani Dugar,ZPHAQ7849J,1241182449,yashasvi74@example.org,Bhusawal,1997-02-15,EQU-0003,10,1663033
Aarush Nath,JTBJA2427H,2805982620,shivansh31@example.com,Udupi,1993-08-11,EQU-0004,11,3110434
Indali Upadhyay,HQLLQ6850C,9655698169,hagarwal@example.net,Bharatpur,1979-08-12,EQU-0006,9,2103622
Frado Mander,WPRTO8951Z,2003791769,jkohli@example.net,Aligarh,1994-11-19,EQU-0008,11,4237855
Rajata Sunder,UKDIN0656I,6990162720,suhaninarain@example.com,Alwar,1993-09-21,EQU-0011,3,1392026
Zayyan Bumb,WOPEX7080P,0330923271,jyoti29@example.net,Ujjain,2003-01-31,EQU-0012,9,146309
Atharv Muni,ELSOP9663G,9190586518,bcherian@example.com,Jamnagar,1979-10-18,EQU-0013,12,2259467
Amrita Naidu,PWDKN3147Q,5075273545,varugheserayaan@example.org,Vellore,1982-02-17,EQU-0014,9,1718587
Vamakshi Swaminathan,OZSPT7014Q,7885685574,hansdiya@example.org,Nellore,1970-02-26,EQU-0015,1,988414
Chatresh Doshi,PHJWA2941M,8677496499,siddharthlalla@example.net,Sangli-Miraj & Kupwad,1971-03-10,EQU-0017,3,2273456
Raksha Buch,MQBFO9065R,4902787429,apall@example.com,Vasai-Virar,1998-05-17,EQU-0019,10,1897317
Nisha Tandon,DFUQU4680H,8087603859,amaradeep@example.com,Shivpuri,1965-12-23,EQU-0020,15,313510
Manthan Sekhon,JWIYD8755U,3963605766,yadavinarula@example.org,Salem,1983-10-11,EQU-0022,7,3022063
Vamakshi Sen,CGONC5891U,7007661771,dominicdate@example.com,Eluru,2004-05-25,EQU-0030,1,4950436
Hardik Contractor,OAVDZ8367A,5654527111,kalpit80@example.net,Bhilai,1978-09-17,EQU-0031,9,722023
Charan Mani,KGNJQ9451E,1585149368,lokeayush@example.org,Tirupati,2001-03-08,EQU-0032,10,620097
Abeer Golla,JVOBF2961V,6675254599,chandranbumb@example.com,Khandwa,1982-01-02,EQU-0033,10,4435419
Timothy Nath,HGMXW2181W,3124329212,onaidu@example.com,Gandhidham,1963-08-22,EQU-0036,6,2440647
Chavvi Maharaj,ETDCC9058D,4119986798,ekantasoni@example.net,Ghaziabad,1980-06-16,EQU-0037,5,1018285
Joshua Vyas,BXTLN1685V,3322141888,krishadube@example.org,Dehradun,1992-05-14,EQU-0039,11,3603211
Nirja Patla,WVYCO3794I,4735977468,lakshitkrishna@example.org,Serampore,1985-01-13,EQU-0040,6,1147394
Dev Shankar,YMCUT0430G,8740345054,ysarraf@example.com,Mehsana,1991-02-01,EQU-0044,15,3458940
Anvi Dass,GPKLL4981J,9959001094,tankbimala@example.net,Karawal Nagar,1971-05-30,EQU-0049,10,3695385
Darpan Dugar,NVMJU7677T,5625881537,lohitchatterjee@example.org,Yamunanagar,1998-08-28,EQU-0050,1,3707915
Vansha Naik,PCWRV3046T,4530174268,timothy32@example.com,Malda,1993-07-14,EQU-0058,4,4035732
Ojasvi Sinha,YFHCH8339T,1910883982,rdada@example.org,Mysore,2000-03-09,EQU-0059,15,4879077
Christopher Setty,KDJDR2867Z,0640391065,sodhiazad@example.com,Bokaro,1994-06-21,EQU-0060,4,1525444
Krishna Prashad,HLIZH1825I,0047868633,ranbir10@example.net,Srikakulam,1994-05-05,EQU-0061,11,4505457
Krishna Baral,NENVT1398A,3173936385,darika45@example.net,Kirari Suleman Nagar,1964-12-21,EQU-0064,4,3263132
Qarin Bhargava,WAAIO8010O,2038750997,barora@example.net,Jorhat,2003-08-24,EQU-0066,1,3000766
Garima Rajagopalan,DGBOE2185V,5047735866,merchantyatin@example.net,Gwalior,1972-06-04,EQU-0069,7,1188329
Ria Natt,UMSME6924U,6547935646,pranitbala@example.net,Bhagalpur,1979-12-05,EQU-0072,13,387709
Mugdha Narula,QOGVH6101J,7567982507,dalialucky@example.com,Tiruvottiyur,1980-09-01,EQU-0074,4,3950987
Gunbir Sarma,CZTHB7514V,2382825867,rachanarandhawa@example.org,Hospet,1986-09-10,EQU-0075,1,2666887
Vrinda Ganesh,SCROI1903S,7978819148,bkamdar@example.org,Bihar Sharif,1999-02-16,EQU-0078,6,3906573
Laksh Raja,KANPK2218C,3269731121,ymurty@example.org,Bally,1988-12-30,EQU-0083,4,3459366
Christopher Tata,QXGKR9252U,3800030756,ukapur@example.org,Imphal,1972-07-27,EQU-0087,12,4995813
Kashish Dar,ZHCZE8023D,4518705349,lpillay@example.com,Bongaigaon,1994-02-04,EQU-0088,5,168685
Jagdish Chana,NUJFT2490P,6804420678,zchaudry@example.org,Ahmedabad,1963-05-08,EQU-0091,3,1301560
Aadi Narula,TLZUD9325B,9218515691,nakulsarkar@example.net,Ratlam,1968-04-19,EQU-0095,4,1508053
Anya Rau,CZVSP2996D,4505444713,amruta69@example.net,Maheshtala,1980-01-26,EQU-0102,1,2310822
Daksh Varma,ZIXHK2148B,3303070534,rdasgupta@example.org,Serampore,1982-02-21,EQU-0103,9,3759689
Anvi Sampath,NDTRH6574N,9108589944,aradhana54@example.com,Maheshtala,1967-03-26,EQU-0105,2,3440466
Dakshesh Raval,SQAZY5207V,9935387584,gunbir72@example.net,Karaikudi,1994-03-15,EQU-0106,13,482950
Luke Mutti,OLUOD2175A,4329271296,arajagopal@example.org,Dindigul,2002-06-09,EQU-0108,1,4682620
Yuvraj Kara,YGLTK5421E,4478985625,netrabahl@example.org,Mira-Bhayandar,1969-12-05,EQU-0109,8,1035377
Kritika Rau,ZKCFF3177C,1701660880,yashoda83@example.net,Mau,1976-08-15,EQU-0115,1,1259263
Udant Sha,ETQXT5899C,1305548851,nimratchhabra@example.com,Maheshtala,1965-12-12,EQU-0116,8,2273172
Yuvraj Mahal,ZIIAM6547S,8583339452,jack58@example.com,Deoghar,1973-03-20,EQU-0118,12,808156
Agastya Virk,DQDMR1062W,4420438057,lopakhanna@example.net,Nashik,2001-05-26,EQU-0119,12,2562103
Balveer Dube,QTFYK5909J,1583281826,pallatimothy@example.org,Bathinda,1976-07-05,EQU-0121,10,3259014
Dominic Kade,ISVXB3613P,2075011024,aarnareddy@example.com,Machilipatnam,1979-09-09,EQU-0123,7,2147975
Ronith Lall,OBLLZ1108X,0848872563,gthaker@example.org,Bharatpur,1982-09-24,EQU-0127,13,3747892
Noah Varkey,KKQJV2722U,5037314530,dsingh@example.org,North Dumdum,1965-03-05,EQU-0128,15,2525565
Saumya Sinha,MJYLX7236L,2579913662,mdoctor@example.org,Fatehpur,2000-04-21,EQU-0131,11,2249169
Yahvi Dalal,IAXRP1729B,5086376599,vansha31@example.com,Bardhaman,1968-12-13,EQU-0132,2,3944558
Jacob Venkatesh,AXGJB0635P,4869594636,kamalasule@example.com,Gangtok,1975-10-15,EQU-0133,4,4559267
Vasatika Dada,RSOZU4163A,8804341651,irya39@example.com,Jhansi,1982-08-04,EQU-0137,14,3864445
Vamakshi Char,XJJZQ7545W,6159399824,fsekhon@example.com,Madhyamgram,1988-06-06,EQU-0141,11,266259
Oliver Nazareth,EFKVO6996U,4496475987,dasswahab@example.net,Vijayawada,1969-11-25,EQU-0142,6,2045914
Harshil Chandran,BXZHW1780F,4921643347,ayushbanerjee@example.net,Anantapur,1998-08-30,EQU-0143,12,3581273
Anita Saxena,MDOVO2829K,8845783174,chavvianne@example.org,Hapur,1973-04-02,EQU-0144,4,413772
Upma Golla,HXTPY3460X,3037183764,kulkarnivasana@example.net,Davanagere,1976-06-29,EQU-0147,11,4960394
Hardik Balay,NSLQD9678X,9103717058,banjeet14@example.org,Kadapa,1964-11-27,EQU-0151,2,3672842
Vinaya Rana,VHPPE9389R,5911665535,omkaar59@example.com,Gandhidham,1962-08-11,EQU-0156,10,1947159
Ryan Prakash,PNJSA2110V,4770538338,sdhaliwal@example.net,Gandhinagar,1986-04-15,EQU-0157,5,292876
Naksh Badami,PGRZD5554O,6084325621,omishakhosla@example.net,Purnia,2003-05-04,EQU-0159,12,307170
Samaksh Jayaraman,FSUDP1279B,0965699988,cshan@example.org,Thane,1985-03-04,EQU-0162,5,3767101
Wazir Kalla,CFMMA9776P,9830220502,garima10@example.org,Mangalore,1967-09-25,EQU-0165,5,1821959
Kai Taneja,NOTSM8772A,0713966055,baghyawatikumar@example.org,Dewas,1982-12-06,EQU-0167,1,3906698
Keya Warrior,LMHYW2996T,0461735743,prasadbaljiwan@example.org,Raiganj,1982-11-24,EQU-0169,14,938044
Xiti Dube,TXUJX3578G,3076810409,chauhandevika@example.org,Bhagalpur,1974-10-02,EQU-0170,12,2898043
Praneel Sehgal,MTWQZ9545I,7921717477,januja62@example.net,Anantapur,1980-07-30,EQU-0172,13,4778955
Radhika Oommen,VTKFH8321L,5817246191,fbhat@example.org,Amaravati,2000-05-18,EQU-0174,2,2653889
Bishakha Ramakrishnan,NRUTK9973Y,6519098624,acharyajagrati@example.org,Ludhiana,1970-12-26,EQU-0175,11,807461
Advay Singh,UVAWZ7879S,2094940792,mangatvedhika@example.org,Dibrugarh,1964-01-07,EQU-0178,4,3722182
Chatura Lalla,ZETEV1027W,6674286047,chatterjeeirya@example.com,Thanjavur,1972-07-12,EQU-0180,2,4730534
Gabriel De,SLQSD6921Q,7465421406,alka27@example.org,Kollam,1987-06-28,EQU-0182,7,2805461
Anirudh Sinha,ALODT9032Y,7929111799,znazareth@example.net,Anantapur,1965-12-13,EQU-0186,3,3210155
Isaiah Dixit,QCDPX7722S,6459701082,bobalwahab@example.net,Guntakal,1986-02-22,EQU-0189,15,910585
Rushil Nanda,GPVAM3153Y,1797062397,tanvihari@example.net,Gopalpur,1969-07-13,EQU-0190,5,3819162
Jasmit Peri,TXNIV2818P,7933554864,sneha78@example.net,Nandyal,1991-11-13,EQU-0194,13,1275150
Chakrika Som,UCVSH4929U,0281406937,hayertristan@example.com,Lucknow,1964-04-24,EQU-0198,10,2079524
Robert Swaminathan,DQXZJ5998T,5650455478,ssavant@example.org,Vijayanagaram,1966-10-10,EQU-0199,3,768181
Maanas Johal,ELWYF4785A,4628792326,mittaldaksha@example.com,Rajahmundry,1961-10-25,EQU-0200,1,3295395
Urmi Dash,SPPBH4627W,7195979647,ladnicholas@example.net,Ulhasnagar,1974-09-13,EQU-0201,6,2072710
Tejas Dubey,NSHIT8338J,6711207545,orinder40@example.net,Korba,1966-04-19,EQU-0203,4,417473
Gautam Dhingra,KGXUN4955P,1908334280,speri@example.net,Gandhidham,1990-04-09,EQU-0205,5,1094172
Mugdha Parekh,GRJXD7967G,4773201017,michael49@example.net,Solapur,1989-09-21,EQU-0208,6,2530007
Dominic Mody,IUCDQ1520B,4079056965,jhagayathri@example.com,Rourkela,1987-09-08,EQU-0211,3,613994
Rajata Jaggi,SQDTK7183Z,9191954198,faraj48@example.com,Panvel,1974-06-03,EQU-0212,8,3161875
Samar Sachar,RMPZP4424H,3034778660,ayushkuruvilla@example.com,Kalyan-Dombivli,2003-01-16,EQU-0214,12,3793610
Daksh Swaminathan,IBERP8515R,5754090034,jairaj83@example.com,Bangalore,2000-08-31,EQU-0216,8,1498346
Aadhya Mitra,KCOUZ1343X,0417765612,osha98@example.net,Malda,1991-03-23,EQU-0217,9,2485735
Kalpit Sankar,URMAL3934A,0443973597,ekiyarao@example.net,Yamunanagar,1991-10-22,EQU-0220,11,672141
Lucky Lad,FRVXB1502S,9485625728,chaturakarpe@example.org,Nandyal,1972-02-01,EQU-0222,9,1333586
Jairaj Ramesh,JBFDT5915Q,7490509759,ekantika01@example.net,Tiruchirappalli,1978-03-09,EQU-0224,3,2590276
Wriddhish Rastogi,YXZSP1032W,1476492515,erama@example.com,Mysore,1993-12-02,EQU-0225,2,431361
Pahal Mutti,EHFNP8146W,6024375738,sdeep@example.net,Erode,1997-04-16,EQU-0230,5,3272482
Urmi Edwin,QEILM9341K,1674338005,yahvibalay@example.org,Chinsurah,1965-08-25,EQU-0231,9,3965929
Hardik Dube,MCAXX5521A,7548214565,ikari@example.com,Alappuzha,2000-02-24,EQU-0233,5,4201473
Charvi Chad,UUVIH0856I,3188485200,dakshasami@example.net,Allahabad,1997-08-31,EQU-0235,6,4690770
Imaran Dara,HJHXT5940X,4702296044,dasikshita@example.org,Erode,1981-10-21,EQU-0238,3,2843747
Nikita Gara,BTDTY0952G,2654610339,rcontractor@example.org,Madhyamgram,1984-12-21,EQU-0241,5,4902594
Anmol Mand,OTZTO5319O,5047930361,jgarde@example.org,Amritsar,1986-07-07,EQU-0245,4,4755059
Garima Nayak,KGDYC9465F,0337933756,patiladvaith@example.org,Ludhiana,1985-01-15,EQU-0251,4,2083885
Dhruv Dani,IYSXU2233M,3099384253,ukadakia@example.org,Srikakulam,1963-06-28,EQU-0253,2,3517023
Yashodhara Prasad,UTXHS7872E,7496903337,pavani69@example.org,Rohtak,1984-11-09,EQU-0254,7,4040457
Jagat Bora,VMRVQ5083T,3928404456,wvala@example.org,Ambattur,1970-08-14,EQU-0256,15,354840
Urvi Kaur,UDVYF8987U,6637780529,vpant@example.org,Khandwa,1990-10-22,EQU-0257,5,4814409
Chandani Nanda,IJVKO9090Z,6361863715,garghemang@example.net,Patna,1996-12-31,EQU-0258,8,4607534
Avi Grover,NOSQH3164E,0580256621,ybiswas@example.org,Tiruppur,1974-04-07,EQU-0259,6,1413100
Gopal Ganesh,GUUJO2068M,8661331552,ramachandransimon@example.com,Amritsar,1989-08-02,EQU-0264,11,1041741
Parth Kurian,SYJME6747E,2732300857,leena74@example.net,Alappuzha,1999-07-29,EQU-0269,14,4644014
Lekha Gaba,GTFOS3645X,6633705024,yug99@example.net,Ahmedabad,1965-10-08,EQU-0270,11,1773032
Zarna Gulati,STGIQ6264Y,6119524364,chatterjeeekaraj@example.net,Loni,1978-12-23,EQU-0271,7,3881903
Kavya Grewal,GHCKN2372L,0234679121,malhotradevansh@example.com,Bhimavaram,1970-12-19,EQU-0272,13,2635113
Harrison Andra,YCGNH0409Y,6984775965,jalsarastogi@example.com,Raurkela Industrial Township,1999-01-19,EQU-0273,1,2458291
Robert Dhar,IFYFT8980R,2717833321,etarajagopal@example.com,Bardhaman,1989-12-08,EQU-0275,9,3347214
Laban Warrior,KXMEP7153V,6863341411,jackpillai@example.org,Nadiad,1986-01-07,EQU-0276,12,4617138
Shivansh Kar,TQKBJ0276Z,6756618443,ekiyabhagat@example.net,Berhampore,1989-06-09,EQU-0278,1,3566845
Riya Subramanian,ZVMVP4233A,9126620157,radha26@example.org,Kochi,1971-03-26,EQU-0279,2,896382
Gaurav Sheth,AHHFH6475F,0999741926,hardiknanda@example.org,Machilipatnam,1996-05-26,EQU-0280,1,3424446
Parth Borde,DBFYK5285X,5381447443,dalajavarma@example.org,Tadipatri,1997-12-17,EQU-0287,10,381748
Champak Gopal,NSERM0005G,2475541108,kamya34@example.org,Chandigarh,1999-09-03,EQU-0292,5,4691513
Udarsh Bath,OJRIR8340Y,3381059551,umenon@example.org,Raurkela Industrial Township,1970-04-14,EQU-0295,14,456968
Arjun Karan,PSORY6625R,7213145195,dorapranav@example.com,Ghaziabad,1968-08-12,EQU-0299,9,2354692
Ijaya Chawla,ZTZEY4754A,2526771196,joshua26@example.com,Shimla,1979-04-14,EQU-0300,15,857939
Xavier Kade,STJYU3021B,5019179202,farajarora@example.net,Jalgaon,1994-04-25,EQU-0302,4,1944627
Logan Wable,CYPSA4765S,2009282066,utkarsh62@example.com,Nagaon,1977-03-31,EQU-0303,2,3449720
Theodore Ramanathan,SDEUP2891P,6205634111,khatribaghyawati@example.org,Amritsar,1969-12-16,EQU-0304,14,3689897
Dayamai Guha,RFKKC8303K,0051405468,kai15@example.com,Ambala,1996-03-01,EQU-0305,15,4804530
Baljiwan Mannan,OFTON2271Z,2889857254,ramwilliam@example.org,Jamnagar,1985-07-30,EQU-0306,10,1259566
Ridhi Peri,FRAGC8955Q,9038021462,lipikashere@example.net,Karnal,1981-02-18,EQU-0308,6,3377786
Ikbal Chada,MZVEU2166V,3714708272,raidavid@example.com,Bhalswa Jahangir Pur,1970-01-09,EQU-0309,13,3829488
Arin Sampath,JERZF4421T,6834201654,esubramaniam@example.net,Junagadh,1976-03-29,EQU-0310,2,2297912
Kamala Patla,HSFPD0448A,5586851276,rajataraj@example.com,Anantapuram,1991-07-12,EQU-0312,1,2635934
Chameli Hari,QDRFJ8364O,9117911244,npathak@example.com,Pallavaram,1995-08-20,EQU-0316,2,1452637
Rudra Hegde,RAHHC0770K,9639040907,wallabalveer@example.com,Coimbatore,1981-04-23,EQU-0321,11,4664566
Sneha Varghese,RBKRT3631K,2711307240,alka18@example.org,Chinsurah,1969-12-19,EQU-0325,3,421587
Yadavi Sankar,RXGDP8507Y,3436294897,kothariindrajit@example.org,Meerut,2000-01-07,EQU-0326,2,2220454
Teerth Mandal,TABWQ9107A,4254882142,mannantheodore@example.org,Raichur,1971-07-31,EQU-0331,1,2927946
Pahal Rastogi,TLKBR1449U,3426834414,keyasarkar@example.org,Hajipur,1980-01-29,EQU-0332,4,4378470
Yug Jayaraman,CZDHT1708Z,2384979162,onkarvaidya@example.net,Fatehpur,1981-10-10,EQU-0335,6,1703178
Atharv Nayar,VUNBB4930Y,1864876998,ikhanna@example.org,Panipat,1964-05-25,EQU-0346,14,3127459
Chakrika Nazareth,RXRQQ9609Y,1495427707,varsha83@example.com,Adoni,2001-12-11,EQU-0347,5,2974075
Yashica Sawhney,NUKXR1813A,6420595565,dyaljyoti@example.org,Jalgaon,2000-10-03,EQU-0349,6,4515094
Jack Khosla,WJGEX7651P,9376392836,bhavini55@example.org,Alappuzha,1979-02-28,EQU-0351,14,1114415
Bhavika Naidu,CVUNB6522H,9951542144,bhavyalad@example.net,Ahmednagar,1989-12-16,EQU-0354,11,3054990
Gopal Kanda,UPQBH1467L,5156277963,nilimabhat@example.net,Bhilwara,1990-05-02,EQU-0358,11,3905251
Janaki Wason,TOSZK3286X,6383000818,barkhamitra@example.org,Shahjahanpur,1962-02-13,EQU-0360,5,2014140
Anamika Chad,BAVIM1186J,9639456804,lallaurishilla@example.com,Haldia,1964-09-23,EQU-0361,1,1840306
Zayyan Sabharwal,USKMA4520A,3878753577,sandalfaras@example.com,Ahmedabad,1967-10-07,EQU-0363,8,644150
Ishaan Barad,FIVJA6728Z,4164485959,kamyavenkataraman@example.net,Chittoor,1980-12-31,EQU-0364,2,2678582
Damini Pillai,IPQME9648L,1342491289,urvashi32@example.org,Thrissur,1964-08-26,EQU-0366,8,2995976
Aadi Naik,ZCBQE1028U,8138666754,kalaojas@example.net,Asansol,1997-08-03,EQU-0367,7,2688247
Logan Mutti,MLSQS6334C,1759558720,radhapalan@example.net,Dhule,1975-09-10,EQU-0372,15,2704765
Aarna Kamdar,HQOLE7401I,9559690515,vnatt@example.net,Gaya,2000-10-24,EQU-0373,1,557249
Liam De,YXJZW5014D,2702324412,kondamitesh@example.net,Kolkata,1981-08-21,EQU-0375,5,751263
Faras Karpe,NTBFV2730Y,6244670462,shrofffitan@example.com,Machilipatnam,1995-12-28,EQU-0377,15,3694712
Qarin Kurian,KQTNG1613I,0597364248,bhavanimahajan@example.org,Dhule,1961-06-16,EQU-0381,6,3651435
Kai Maharaj,GOOBT4795U,1949796958,ozaharini@example.com,Raiganj,1967-04-25,EQU-0382,10,696510
Janani Manne,ETCRS4294J,2946430394,januja88@example.com,Tadipatri,2000-03-26,EQU-0389,3,1922211
Kavya Radhakrishnan,LEYAQ7287E,3433249135,viswanathanvedant@example.net,Bharatpur,1989-11-11,EQU-0390,14,2418161
Hardik Narayan,IVIFZ8148D,9833423372,gavin31@example.org,Ghaziabad,1969-10-10,EQU-0391,4,2496076
Hema Yohannan,NTGTU2313X,1493925236,eshanavarty@example.com,Agartala,1970-09-12,EQU-0394,13,3206422
Maanav Mohan,TBKZW5557A,6065274033,nagyprisha@example.com,Proddatur,1985-04-10,EQU-0395,15,1991732
Prisha Randhawa,GXBKB7080C,8749511918,sidhurayaan@example.org,Bally,1981-02-15,EQU-0398,4,1191788
Ganga Bora,HXSVB2957B,9409600356,tanvi39@example.com,Maheshtala,1994-08-24,EQU-0399,3,3821239
Samesh Rai,GLUHH9112K,1795563318,shanamol@example.org,Bidar,1978-04-01,EQU-0401,7,4357211
Luke Kar,NGPOQ1164L,5798894256,rajanchanakya@example.org,Kanpur,1966-12-04,EQU-0405,2,1708850
Wazir Edwin,EEWMO6509K,7379487148,harita78@example.com,Tiruvottiyur,1994-03-21,EQU-0406,15,4864089
Ati Majumdar,QQWFA4856G,3973964178,mbasak@example.org,Ramgarh,1964-10-23,EQU-0411,5,3262965
Nandini Pall,WNIVZ2715O,4116597263,raksha52@example.org,Pune,1965-07-16,EQU-0413,6,4073884
Yashawini Minhas,NSEMF8826F,4258562614,umang70@example.org,Panipat,1961-10-17,EQU-0414,6,1887274
Abha Ratti,VCWGH3351Q,9080512080,ayaan99@example.com,Malegaon,1968-12-05,EQU-0419,6,4811804
Yashoda Prabhakar,LOTUE0317T,7399006314,madhavikari@example.com,Varanasi,1967-06-30,EQU-0423,3,4970834
Aarna Sami,ASAAA9434Y,3749060723,vrindabhavsar@example.org,Rourkela,2002-02-24,EQU-0424,6,3368496
Dakshesh Choudhury,BNUKU1688U,0213060906,borahanmol@example.net,Aurangabad,1989-01-02,EQU-0427,10,2719396
Lila Sengupta,WODEJ3794D,3242642506,troy@example.net,Rewa,1966-02-19,EQU-0428,12,702689
Omisha Sharma,XVUQZ7767I,3339395786,edhaliwal@example.org,Dewas,2000-06-10,EQU-0429,1,2274763
Gunbir Bhattacharyya,VFUWM1000V,3415959775,duttamax@example.org,Kochi,1984-01-21,EQU-0431,1,3287475
Anirudh Mittal,YCSRR6376S,5586652548,fiyaz71@example.net,Danapur,2000-01-19,EQU-0434,5,928497
Kabir Chhabra,EJKZP3125X,1005912975,dewanryan@example.net,Gaya,1964-09-01,EQU-0435,10,4099489
Aarush Sant,YUOHM3301E,7927490728,adyadhawan@example.net,Amravati,1991-07-24,EQU-0436,3,3692336
Janaki Bhatti,WVZEX9457F,7583392056,dsheth@example.com,Ajmer,1993-02-06,EQU-0438,6,82007
Oni Bakshi,ZXABY2562Q,2923106724,kramanathan@example.com,Ambattur,1968-12-28,EQU-0439,14,4079286
Kala Solanki,APNUS1075O,7485953259,zaidsuresh@example.net,Surat,1974-06-05,EQU-0441,13,3384197
Leena Divan,FDMUR9518E,6342507330,ydhingra@example.com,Shivpuri,2003-12-27,EQU-0442,3,3162345
Watika Bhatt,HKTPF1221W,5516517680,gauravjohal@example.com,Bhiwandi,1994-03-13,EQU-0445,6,4592003
Mekhala Kala,SRJXG2809Y,3945354614,ljayaraman@example.org,Munger,1996-01-15,EQU-0447,15,341323
Warda Reddy,QIVWP5619D,8205829582,abumb@example.org,Saharsa,1965-03-15,EQU-0452,3,1293189
Azaan Merchant,EQCHB1321W,0945653469,swamyazad@example.com,Etawah,1961-12-31,EQU-0454,1,3370150
Pahal Panchal,FWFEQ7060I,1317653970,nkalita@example.com,Hyderabad,1990-09-21,EQU-0455,12,4036419
Yashawini Saxena,RSKYZ1827I,4918727420,rchoudhary@example.org,Davanagere,1981-11-06,EQU-0456,5,4174000
Abdul Ram,LOVRL2604F,7112229907,vohrajyoti@example.net,Gurgaon,1981-06-23,EQU-0457,5,3767081
Dhruv Chahal,GPIHB4576K,9237858471,baralvincent@example.org,Dewas,1966-06-30,EQU-0458,4,3465592
Nitesh Koshy,ADWBC6534U,0356793279,bhavnatank@example.org,Ghaziabad,1961-12-29,EQU-0460,15,1733818
Tanay Kata,CJVYN1167W,0843768550,msathe@example.org,Asansol,1991-08-03,EQU-0466,10,2612381
Ijaya Karnik,KKOLP4547H,0650312198,sneha24@example.org,Alwar,1998-12-16,EQU-0468,9,3189266
Lucky Babu,ZDTDX3747N,2603214505,menonisha@example.net,Thane,2001-09-23,EQU-0472,5,3561183
Ekansh Pandey,KAGJV5348T,0083850765,bhavani50@example.net,Bahraich,1994-01-03,EQU-0473,11,4040756
Yoshita Bansal,JYVQT8981C,2231964630,robertsahota@example.net,Erode,1995-10-24,EQU-0474,12,2219728
Bhavani Devi,KPXSG1794G,9340652775,zsahota@example.org,Khammam,1969-11-24,EQU-0479,3,2704016
Manthan Dubey,HJGCI0109J,4559376618,xbandi@example.org,Nellore,1975-10-26,EQU-0480,3,2679107
Charan Taneja,SXHPY9388J,2830615370,brindakurian@example.com,Purnia,1969-08-12,EQU-0484,13,4504634
Rushil Barman,KWBQX0730P,6057121988,jtalwar@example.net,Jamshedpur,1988-02-18,EQU-0487,5,2489640
Hemangini Deshpande,SRPNH6969T,4970169342,kotharikevin@example.net,Ahmednagar,2004-07-21,EQU-0491,5,4535669
Ekbal Rana,KAPNT2341H,6153722155,sachi32@example.org,Nagercoil,1968-11-27,EQU-0492,12,128052
Vrishti Suresh,ABDKD4604Y,7843614244,ewagle@example.net,Karnal,1973-12-22,EQU-0493,9,1037629
Shivani Iyer,KEOCI4764B,7638821458,netra01@example.net,New Delhi,2000-03-07,EQU-0494,8,1716368
Gauri Tailor,SEGKI3680O,0376811872,gunbir04@example.org,Jamshedpur,2004-04-02,EQU-0496,9,4213725
Avi Chatterjee,LKOVC9043U,3332470739,jeevikamistry@example.net,Jamnagar,1990-11-26,EQU-0498,11,4194845
Aashi Lal,CBFNI5822Z,1829716815,ayushman00@example.org,Ludhiana,1964-04-25,EQU-0501,7,3407542
Dayita Garde,TCOED9608A,3699879509,bhatamrita@example.org,Katni,1971-10-04,EQU-0504,15,4144670
Abdul Lal,FPHMY4287T,8164321269,nikita42@example.org,Gurgaon,1993-12-02,EQU-0505,9,848948
Wyatt Tella,UIDNS8245D,0404333353,jason63@example.org,Mysore,1964-10-17,EQU-0507,13,4174242
Aadhya Bansal,AVCXO4288B,3766608112,christophervenkatesh@example.org,Pali,1978-02-20,EQU-0511,11,2605152
Lohit Sani,ANSBJ6980E,6176072348,eshanapathak@example.net,Saharsa,1966-09-24,EQU-0515,15,3345854
Falan Atwal,ILGOM2179Q,2985797363,eiravatirege@example.org,Berhampur,1985-10-27,EQU-0522,3,1541601
Elijah Virk,UKZDW2192M,8984369984,baljiwannarayanan@example.org,Hosur,1979-09-11,EQU-0524,7,1269088
Yashica Manne,VNGJO2495E,4578870715,ysem@example.com,Panvel,1994-06-23,EQU-0525,4,2289576
Amruta Raman,GVZKQ3389F,2857256292,hemalwagle@example.net,Kota,1970-06-21,EQU-0528,13,2672731
Mahika Pingle,QYJUB5078N,7443034918,ksule@example.org,Nagaon,1997-04-15,EQU-0529,5,1753619
Tanmayi Rajagopal,HEJDM9819U,7045238885,priya60@example.com,Hospet,1984-05-06,EQU-0531,5,4719087
Brinda Sachdev,GVTKX2025S,1832812312,modygeorge@example.org,Bangalore,1999-08-06,EQU-0534,2,4287424
Reva Agate,EKDVP2927Q,8713752988,chaudharikrish@example.com,Meerut,1984-09-29,EQU-0538,6,3788527
Vrinda Shroff,CWRNS8889V,8523860030,kbumb@example.net,Bhubaneswar,1980-11-19,EQU-0539,1,4385801
Matthew Doshi,RSDAD1321W,0191116612,sekhonlaban@example.net,Dehri,1994-01-27,EQU-0541,3,4562859
Rudra Kala,BYVNI0493A,7481242114,geetikaanand@example.net,Guntur,1967-03-29,EQU-0542,11,1838242
Rishi Peri,ZNTQK5610M,2970137124,jeevika64@example.org,Indore,1972-01-18,EQU-0543,8,2832630
Yashoda Basak,DDTOV6713F,4584743621,wgopal@example.net,Amroha,1979-05-17,EQU-0547,12,658924
Samarth Dara,QZXMM8053Z,7466621591,cbahl@example.org,Sambhal,1978-11-20,EQU-0548,7,308529
Ishaan Sehgal,BQIBN0142D,8782116020,keerkala@example.net,Siliguri,2000-02-14,EQU-0551,12,2934436
Pranit Gulati,MZFWP6914Q,2879429688,rbedi@example.org,Berhampur,1992-01-09,EQU-0553,13,4808795
Sneha Vaidya,AJJVG4217Y,2593648820,mugdha88@example.org,Junagadh,1966-09-07,EQU-0555,2,2152920
Megha Srinivasan,KEBBN2879E,4131935923,vaishnavireddy@example.org,Gaya,2003-10-19,EQU-0556,6,4125699
Falak Pradhan,ADBMP9067P,2489420466,fsankar@example.com,Khammam,1995-05-11,EQU-0560,4,2258172
Hiral Raju,WOKXQ8078G,4218385454,dalaja54@example.net,Sonipat,1993-03-08,EQU-0564,9,138849
Fiyaz Merchant,SDUPJ3561S,3198074682,rmutti@example.org,Delhi,1969-05-15,EQU-0570,15,1215750
Elijah Patla,LXDEK0596D,0932012657,lajitaaurora@example.com,Begusarai,1998-03-31,EQU-0573,7,2820126
Jalsa Nayak,FDSTF8517Q,7469211882,bdevi@example.com,Ujjain,1966-11-01,EQU-0574,8,4068320
Gaurika Vala,ZTQUU9170X,2185457056,jonathanperi@example.com,Ramgarh,1961-06-06,EQU-0575,3,519023
Abeer Subramaniam,PSWDF1058H,0927115261,kbera@example.org,Varanasi,1962-01-29,EQU-0577,14,2427789
Aayush Sule,YTJTU4189S,3298769893,arya71@example.com,Kottayam,2001-05-13,EQU-0578,11,4334942
Sara Hari,TIGMJ9834T,5364628055,chandresh65@example.com,Nagercoil,1964-02-27,EQU-0580,9,4280874
Om Bajwa,URSFR6953L,1227595002,indrajit53@example.net,Sri Ganganagar,2003-03-02,EQU-0582,7,3156951
Ria Nori,FGWCT0740M,7980595031,tarak40@example.org,Delhi,1972-11-03,EQU-0583,8,2000459
Akshay Doshi,COYIN1166A,5759887592,kmuni@example.com,Ahmednagar,2002-07-30,EQU-0587,6,3389754
Lohit Shankar,EQDDB5582S,0711523802,gargekansh@example.com,Nagaon,1985-11-03,EQU-0588,13,1407235
Aayush Pau,XHGBN9161I,5881959772,bediharinakshi@example.org,Deoghar,1994-04-27,EQU-0589,1,814106
Upasna Misra,LVHNH6902Y,4384196622,sainividhi@example.org,Ambarnath,1978-06-29,EQU-0593,4,52409
Omisha Ramaswamy,SZJFK7063G,5504944407,ranbir39@example.com,Bangalore,1973-12-08,EQU-0594,5,3400692
Sudiksha Ratti,XPBXK9453E,6698616342,kala08@example.net,Chapra,1975-03-31,EQU-0597,7,4296632
Edhitha More,AOQXD3079O,0081785221,jchanda@example.com,Sangli-Miraj & Kupwad,1969-11-01,EQU-0599,5,3764212
Chakradhar Parikh,BXUPH2781Q,0027221425,mbala@example.com,Chapra,1991-02-04,EQU-0601,2,3260095
Teerth Rao,CMHMY8172N,5286209297,indira33@example.org,Saharanpur,1988-10-16,EQU-0602,2,3396472
Utkarsh Gupta,ASXES8992S,5323661850,sharafchakradev@example.net,Pali,1987-05-08,EQU-0603,6,1883465
Chakradev Pathak,ZLOQE5491X,6411955640,lkakar@example.com,Motihari,1982-06-27,EQU-0607,11,4182772
Darpan Sood,KBKQA0204E,1212413936,cravi@example.net,Thrissur,1963-11-25,EQU-0608,6,2695908
Zehaan Rege,QBYDX7711A,6279955302,braroscar@example.org,Morbi,1968-02-22,EQU-0619,6,4750556
Tarak Madan,SDEZL2028Z,1722240507,echaudry@example.net,Pondicherry,1996-12-05,EQU-0620,4,4889000
Mitesh Rege,CBYEV2942Q,9808513313,udarsh21@example.net,Belgaum,1998-01-21,EQU-0626,3,3380659
Peter Thakkar,PUHUX7787V,6464196234,rajatadhillon@example.org,Nellore,1968-09-08,EQU-0628,5,1352535
Amaira Kota,MCAHD1927G,5969838457,xpuri@example.net,Deoghar,1977-07-20,EQU-0633,8,2632585
Dev Sarma,BJAJY9967M,4748599464,isaiah67@example.org,Berhampore,1983-06-21,EQU-0635,13,4051928
Lajita Master,SUAYM9804K,0521026270,badamipraneel@example.com,Secunderabad,1983-07-09,EQU-0636,13,2507212
Harsh Parekh,SGJQX3056K,7846790870,oeshibanerjee@example.org,Kurnool,1979-06-15,EQU-0638,13,2330569
Warinder Kale,FTEYT4704I,5593965213,sureshfinn@example.org,Thoothukudi,1992-09-11,EQU-0640,10,3848086
Falak Kara,GKGWB7801R,3446717762,mukherjeeudarsh@example.org,Bhavnagar,1986-06-29,EQU-0645,5,3341872
Samuel Rattan,NYWZI1587C,3589693353,ekanta61@example.com,Hospet,1989-12-03,EQU-0651,1,402265
Ekapad Sachar,SDUON1019V,6405103880,lallaluke@example.com,Dhule,1979-03-19,EQU-0653,11,1341161
Niharika Jayaraman,FTYJL2251S,4326118900,schaudhary@example.com,Dhanbad,1981-07-12,EQU-0658,12,1606374
Mohini Sen,CMVXY2020P,6219536890,bmunshi@example.org,Shimla,1971-05-06,EQU-0659,9,4223744
Tarak Shenoy,KKFGN1307I,9087167221,nikita17@example.org,Motihari,1996-03-05,EQU-0660,9,609351
Urvi Gole,RLAPO6903W,1327617948,jagrati98@example.com,Eluru,1962-04-07,EQU-0662,8,1657396
Hitesh Choudhry,KZBIZ5891W,9864786862,andraxiti@example.net,Bijapur,1980-09-15,EQU-0663,10,3309803
Yasti Kashyap,HKCFS7819N,1640069836,victor48@example.com,Gopalpur,1980-05-23,EQU-0664,8,559190
Aayush Aggarwal,FHQHZ8899Z,0916923273,ybasu@example.org,Dewas,1984-07-16,EQU-0666,4,4407758
Aayush Khatri,YDDMK7218D,1978999011,chamelisoman@example.org,Aligarh,1993-08-23,EQU-0676,2,2773714
Sachi Virk,MWDTO0727D,6160881972,ekrishnamurthy@example.com,Jorhat,1969-05-06,EQU-0678,15,2855063
Mitali Sodhi,EBNSH0675P,2150164261,rudrapatla@example.org,Sangli-Miraj & Kupwad,1973-01-17,EQU-0680,10,1304768
Isaiah Yohannan,ISGEO3924B,4169105302,usoni@example.com,Ramagundam,1978-06-04,EQU-0681,5,3357816
Widisha Toor,JYOCW1554Q,2360244654,balhaarparmar@example.org,Kota,1961-11-02,EQU-0683,5,763694
Niharika Balan,LROLD4886S,5340508927,narangshivani@example.com,Bangalore,1974-06-18,EQU-0686,7,3114087
Urvi Tella,WQKBE9775L,3842273627,parthdin@example.com,Aligarh,1994-02-22,EQU-0687,6,3759527
Jai Swamy,XSKNI1620X,4486983052,johalpraneel@example.org,Bokaro,1993-07-01,EQU-0688,10,1288805
Wakeeta Gole,HYOWP8129D,9602667652,ishani39@example.com,Dharmavaram,1977-01-27,EQU-0691,11,2325916
Umang Ghose,NLAKP2533W,0255501935,nidhithaman@example.net,Dhule,1988-01-30,EQU-0693,14,4509053
Reyansh Gaba,LBIAZ4362I,5983124412,maya59@example.net,Pimpri-Chinchwad,1965-10-27,EQU-0694,15,4491057
Nandini Dave,JQGOZ6475Q,1209617300,divya24@example.org,Rourkela,1991-08-30,EQU-0696,11,1201426
