name,pan_like_id,mobile,email,city,dob,source_customer_id,policy_type,sum_assured,premium
Aryan Maharaj,RVIFL3321B,0133890838,hyadav@example.com,Bhatpara,1970-02-09,INS-DEMO-s1,ULIP,4244854,41579
Daksh Karnik,ENKTU0564N,6724238849,theodore28@example.com,Nashik,1998-07-10,INS-DEMO-s3a,ENDOWMENT,1033224,12811
Balveer Bumb,UQNQT6998U,4624751079,yashawinilanka@example.org,Coimbatore,1999-04-28,INS-0002,HEALTH,4937923,16390
Aarush Nath,JTBJA2427H,2805982620,shivansh31@example.com,Udupi,1993-08-11,INS-0004,ENDOWMENT,5163623,123858
Nicholas Goel,YAZQV6025Z,4216073375,hansmohini@example.com,Coimbatore,2003-03-06,INS-0005,HEALTH,4014944,180682
Dipta Dash,UZSSJ4846I,6629946804,udyati77@example.net,Sasaram,1981-06-15,INS-0007,HEALTH,1438483,65043
Frado Mander,WPRTO8951Z,2003791769,jkohli@example.net,Aligarh,1994-11-19,INS-0008,ULIP,5779418,60738
Atharv Muni,ELSOP9663G,9190586518,bcherian@example.com,Jamnagar,1979-10-18,INS-0013,HEALTH,7794150,46460
Amrita Naidu,PWDKN3147Q,5075273545,varugheserayaan@example.org,Vellore,1982-02-17,INS-0014,ULIP,6773233,47349
Vamakshi Swaminathan,OZSPT7014Q,7885685574,hansdiya@example.org,Nellore,1970-02-26,INS-0015,HEALTH,5659230,67770
Chatresh Doshi,PHJWA2941M,8677496499,siddharthlalla@example.net,Sangli-Miraj & Kupwad,1971-03-10,INS-0017,ENDOWMENT,4053384,146373
Naksh Agate,SCOST6797S,1349361832,gandhidamyanti@example.net,Bahraich,1966-02-08,INS-0018,ENDOWMENT,2530113,69986
Ekapad Johal,XJYMA9335R,2842102053,alkaben@example.org,Hajipur,1965-08-20,INS-0029,ENDOWMENT,3097059,54780
Vamakshi Sen,CGONC5891U,7007661771,dominicdate@example.com,Eluru,2004-05-25,INS-0030,ENDOWMENT,8936429,144231
Oeshi Mahajan,BHSRR3815L,8403690034,falak10@example.com,Akola,1966-04-27,INS-0034,HEALTH,4504485,74629
Xiti Pandya,BDEUK1606B,6416052975,rajatarattan@example.net,Tenali,1998-12-09,INS-0035,TERM,656287,125136
Chavvi Maharaj,ETDCC9058D,4119986798,ekantasoni@example.net,Ghaziabad,1980-06-16,INS-0037,HEALTH,2237893,40203
Balveer Kota,NKXXS7788Y,5905151864,finn92@example.com,Katni,1966-04-23,INS-0038,ULIP,4928914,137489
Dev Shankar,YMCUT0430G,8740345054,ysarraf@example.com,Mehsana,1991-02-01,INS-0044,ULIP,4471793,47598
Zilmil Loke,MLISU1616G,5447962757,omaharaj@example.org,Machilipatnam,1976-08-14,INS-0045,ULIP,4976257,46732
Bakhshi Date,YKCMJ1355R,5571928565,grewalxalak@example.net,Kishanganj,1965-10-25,INS-0046,ULIP,4240036,11203
Vritti Iyengar,LTCFZ1217R,5188442258,warjastak@example.org,Begusarai,1985-10-25,INS-0047,TERM,5182940,97050
Dayamai Rao,KEIUP7866E,7852892268,dakshagala@example.org,Kamarhati,1975-11-10,INS-0048,HEALTH,3495870,157198
Chakradev Rattan,XJSEY0983G,8499121655,yashodhararatti@example.net,Ranchi,1962-05-07,INS-0052,HEALTH,5766630,178903
Manthan Varma,KZNVT2595L,8887947055,avi97@example.com,Faridabad,1986-04-23,INS-0053,HEALTH,7251158,187769
Sarthak Suresh,YURSH5758K,6524041574,anita21@example.net,Latur,1962-11-13,INS-0055,HEALTH,4026280,117692
Odika Narayanan,JKAPE7120E,4540193802,ltandon@example.net,Agra,1961-01-15,INS-0056,ENDOWMENT,4085314,139001
Gautami Mane,IGDRM7887Z,5274205493,uvarma@example.org,Bareilly,1968-10-06,INS-0057,ULIP,3840845,43627
Hemangini Raj,JTYLW8566I,3342708668,aadhyajani@example.com,Hospet,1997-11-28,INS-0063,ULIP,5106980,120309
Dhriti Sachdev,BQJLL0932U,4235369378,ksharma@example.net,Gulbarga,1966-10-17,INS-0065,ENDOWMENT,7034336,158112
Yadavi Sani,JPMNH2118Q,4615679334,yraghavan@example.net,Pimpri-Chinchwad,1988-08-26,INS-0067,ENDOWMENT,8647720,12608
Fitan Tata,HCONS6591K,4014890250,tbose@example.org,Tezpur,1997-05-11,INS-0068,ULIP,8341505,38456
Garima Rajagopalan,DGBOE2185V,5047735866,merchantyatin@example.net,Gwalior,1972-06-04,INS-0069,TERM,4864698,104379
Gunbir Sarma,CZTHB7514V,2382825867,rachanarandhawa@example.org,Hospet,1986-09-10,INS-0075,TERM,3247534,86536
Arya Bhatnagar,XUMDH9182Q,8596969155,frado25@example.org,Farrukhabad,1965-10-12,INS-0076,HEALTH,2530966,153355
Omya Devi,FOISP9662L,7422579050,ptiwari@example.com,Pallavaram,1978-12-03,INS-0077,ENDOWMENT,6717147,23076
Vrinda Ganesh,SCROI1903S,7978819148,bkamdar@example.org,Bihar Sharif,1999-02-16,INS-0078,ENDOWMENT,2270648,118645
Adweta Kale,SOTGX0068A,6188924141,mahika91@example.com,Mathura,1963-03-08,INS-0085,HEALTH,8439993,150089
Radha D’Alia,TQVQV7990L,0202758842,balangautami@example.com,Loni,1963-06-12,INS-0086,HEALTH,6402401,189249
Christopher Tata,QXGKR9252U,3800030756,ukapur@example.org,Imphal,1972-07-27,INS-0087,ULIP,8623504,77482
Kashish Dar,ZHCZE8023D,4518705349,lpillay@example.com,Bongaigaon,1994-02-04,INS-0088,ULIP,6554579,52039
Radhika De,ZZSVU3445U,4313291212,idara@example.com,Bidhannagar,1974-03-14,INS-0090,ENDOWMENT,6216097,53329
Inaya Kunda,CUAKA1006F,5861793271,advika11@example.com,Gandhinagar,1967-09-18,INS-0097,HEALTH,8117381,23659
Girik Nigam,BPKMB9970K,1533688444,jswaminathan@example.org,Delhi,1979-06-14,INS-0098,TERM,9636240,63932
Frederick Padmanabhan,JDYHA8693I,9374160898,senoscar@example.org,Nellore,1966-03-09,INS-0100,HEALTH,7252972,76367
Anya Rau,CZVSP2996D,4505444713,amruta69@example.net,Maheshtala,1980-01-26,INS-0102,TERM,4340714,181763
Peter Som,KQVSF9855S,6029333346,pdeo@example.org,Rajahmundry,1971-09-28,INS-0104,ENDOWMENT,8812590,80554
Isha Kapoor,QLSDH4655E,9991738168,lakshiyer@example.com,Jehanabad,1999-12-02,INS-0107,ULIP,5332327,119849
Yamini Gara,OQXIN1506D,1001676184,mitraosha@example.net,Saharsa,1972-07-06,INS-0110,ULIP,8163605,149510
Manthan Chana,PODSQ8114D,1204556110,ishita79@example.com,Serampore,1996-06-29,INS-0112,ENDOWMENT,2993017,122059
Ishaan Rattan,SEZAP6746Z,1202169797,ayush27@example.com,Bulandshahr,1980-01-10,INS-0113,ULIP,6925184,66226
Kritika Rau,ZKCFF3177C,1701660880,yashoda83@example.net,Mau,1976-08-15,INS-0115,TERM,9323994,124780
Yuvraj Mahal,ZIIAM6547S,8583339452,jack58@example.com,Deoghar,1973-03-20,INS-0118,ENDOWMENT,2151601,171133
Vaishnavi Andra,PNNPC1573R,6164840858,minhasreyansh@example.com,Jalandhar,1968-01-01,INS-0122,TERM,8305654,80400
Dev Bath,SYRTM1581F,7660728326,kashvi08@example.net,Amravati,1962-06-22,INS-0124,ENDOWMENT,8606886,32958
Frederick Mody,PGJKL3536O,3129087814,vidhinarayanan@example.com,Noida,1965-01-13,INS-0125,HEALTH,868085,177550
Shravya Narasimhan,KKXZU9492B,0533645257,vidhi81@example.org,Parbhani,1998-06-02,INS-0126,ULIP,4704819,182671
Ronith Lall,OBLLZ1108X,0848872563,gthaker@example.org,Bharatpur,1982-09-24,INS-0127,TERM,6621355,196983
Victor Sachdeva,ENLKP5177A,3029922809,pranit86@example.net,Anantapuram,2002-04-25,INS-0130,ULIP,4285186,182294
Saumya Sinha,MJYLX7236L,2579913662,mdoctor@example.org,Fatehpur,2000-04-21,INS-0131,TERM,8130043,101622
Yahvi Dalal,IAXRP1729B,5086376599,vansha31@example.com,Bardhaman,1968-12-13,INS-0132,HEALTH,4213925,174778
Jacob Venkatesh,AXGJB0635P,4869594636,kamalasule@example.com,Gangtok,1975-10-15,INS-0133,ULIP,1260793,14754
Warda Sarna,MCYMG0384H,9205302146,zarnaaurora@example.net,Mysore,1984-10-25,INS-0135,ULIP,7938733,121574
Idika Malhotra,ZKAQL3937A,8184518489,wkohli@example.com,Jaunpur,2000-01-31,INS-0136,TERM,6662857,147728
Vasatika Dada,RSOZU4163A,8804341651,irya39@example.com,Jhansi,1982-08-04,INS-0137,HEALTH,3684459,37023
Harshil Chandran,BXZHW1780F,4921643347,ayushbanerjee@example.net,Anantapur,1998-08-30,INS-0143,HEALTH,1379109,38228
Aditya Sani,JXMAJ4930B,3266341638,nitara31@example.org,Ramagundam,1965-06-28,INS-0145,TERM,8535982,110281
Sudiksha Acharya,NXXNP8620U,8638782945,virkekalinga@example.org,Mangalore,1999-01-25,INS-0150,HEALTH,3060856,185046
Lekha Gupta,OLJVJ3839A,9576122868,upandey@example.net,Serampore,1978-10-11,INS-0152,ULIP,9834352,20723
Ekiya Khosla,XJVQX9836C,6004908240,anthony48@example.net,Bareilly,1962-04-18,INS-0153,HEALTH,7595702,194021
Vinaya Rana,VHPPE9389R,5911665535,omkaar59@example.com,Gandhidham,1962-08-11,INS-0156,ENDOWMENT,9911442,167981
Ryan Prakash,PNJSA2110V,4770538338,sdhaliwal@example.net,Gandhinagar,1986-04-15,INS-0157,ULIP,5084716,189208
Bhanumati Iyer,PAEYQ9407R,1046368157,rushiltella@example.com,Thane,1971-07-09,INS-0158,TERM,3543480,42552
Karan Goyal,MKNOM0994O,0517289752,nihalhans@example.org,Alappuzha,1994-04-10,INS-0161,TERM,1382629,45784
Ranveer Manne,DKBSN7644D,7718129826,golasudiksha@example.net,Malda,1964-08-08,INS-0163,HEALTH,7712753,34069
Bhavini Malhotra,RJKRH8571A,3858542493,sachi02@example.org,Dhanbad,1965-04-18,INS-0171,TERM,2956926,72100
Anvi Kurian,LVJQC0192X,4372805129,qkhanna@example.com,Bhagalpur,1986-01-21,INS-0179,HEALTH,5246166,106558
Chatura Lalla,ZETEV1027W,6674286047,chatterjeeirya@example.com,Thanjavur,1972-07-12,INS-0180,HEALTH,1605817,91426
Aadhya Raman,HVRSL7393U,0106181753,bajwageorge@example.org,Khora ,1988-09-16,INS-0181,ULIP,6369018,86325
Gabriel De,SLQSD6921Q,7465421406,alka27@example.org,Kollam,1987-06-28,INS-0182,ULIP,9331414,29498
Vyanjana Chopra,NPGCT2863Q,0119470720,forumraman@example.net,Kottayam,1991-10-08,INS-0183,ULIP,6233317,132473
Anirudh Sinha,ALODT9032Y,7929111799,znazareth@example.net,Anantapur,1965-12-13,INS-0186,ULIP,3222056,52407
Omaja Soni,HCAPL2324N,9279145608,pathakyashica@example.org,Dhule,1972-10-18,INS-0188,HEALTH,6906756,136833
Jasmit Peri,TXNIV2818P,7933554864,sneha78@example.net,Nandyal,1991-11-13,INS-0194,ULIP,1142620,80203
Mitesh Edwin,KICQX3105L,8055257828,xtata@example.org,Imphal,1967-07-02,INS-0197,ULIP,7543503,172497
Maanas Johal,ELWYF4785A,4628792326,mittaldaksha@example.com,Rajahmundry,1961-10-25,INS-0200,TERM,7050726,128243
Urmi Dash,SPPBH4627W,7195979647,ladnicholas@example.net,Ulhasnagar,1974-09-13,INS-0201,TERM,6078736,39972
Anjali Patel,SHOEG6504M,1928554451,agastyadevan@example.net,Serampore,1994-11-26,INS-0202,ENDOWMENT,8528420,170605
Tejas Dubey,NSHIT8338J,6711207545,orinder40@example.net,Korba,1966-04-19,INS-0203,ULIP,1203065,87731
Gautam Dhingra,KGXUN4955P,1908334280,speri@example.net,Gandhidham,1990-04-09,INS-0205,HEALTH,7830827,109863
Rajata Jaggi,SQDTK7183Z,9191954198,faraj48@example.com,Panvel,1974-06-03,INS-0212,TERM,2810140,143794
Neelima Krishnamurthy,LBOTH9878L,3748969083,matthewmital@example.com,Imphal,1998-06-26,INS-0213,ULIP,8872568,140723
Aadhya Mitra,KCOUZ1343X,0417765612,osha98@example.net,Malda,1991-03-23,INS-0217,HEALTH,3142499,191596
Qarin Sawhney,OTUKF2063H,3829657724,rushil16@example.com,Singrauli,1999-03-13,INS-0218,ULIP,2829967,67058
Ansh Bajaj,DMQSK8931D,9694215291,htalwar@example.org,Jhansi,2002-04-06,INS-0219,ULIP,1946455,22235
Jairaj Ramesh,JBFDT5915Q,7490509759,ekantika01@example.net,Tiruchirappalli,1978-03-09,INS-0224,ULIP,9741585,76945
Girik Baria,PRTJF8573H,4761742243,bosechakradev@example.net,Sasaram,1979-05-01,INS-0226,ENDOWMENT,1008113,135557
Aachal Bumb,LYLZC8017F,4597794523,hitesh68@example.org,Tenali,1965-10-08,INS-0227,ENDOWMENT,8624385,126750
Vansha Sharma,NNXSR6974S,4122031030,rajatayohannan@example.org,Barasat,1994-07-03,INS-0228,ENDOWMENT,2693891,102134
Urvi Sami,VSCFE0122B,9334960501,balhaar76@example.com,Ahmednagar,1992-01-24,INS-0229,ENDOWMENT,4659388,41930
Jai Kapur,XCXJR7455J,0771199180,jhajanaki@example.org,Mango,1994-02-28,INS-0232,TERM,2010773,108086
Advaith Varughese,ZXKBD1155Z,2908466845,netrasehgal@example.net,Tinsukia,1988-02-09,INS-0234,HEALTH,6636730,110710
George Bhatia,CEXRH6273Z,4976776228,yochanawadhwa@example.org,Sirsa,1981-06-18,INS-0237,ULIP,3839637,162932
Vaishnavi Deo,QCJUU2877F,6365807412,chadareyansh@example.net,Jehanabad,1983-08-05,INS-0239,HEALTH,6143410,137989
Pranit Bahl,CFZIM4339U,9070562608,contractorhardik@example.net,Baranagar,1966-12-21,INS-0240,TERM,7488386,158014
Anjali Krishna,GSCKV6539I,4161284639,sneha43@example.net,Mau,1969-11-25,INS-0243,ENDOWMENT,5762886,114780
Anmol Mand,OTZTO5319O,5047930361,jgarde@example.org,Amritsar,1986-07-07,INS-0245,ENDOWMENT,9316043,103782
Abdul Ramanathan,ZBVOS3519B,3325411076,yug17@example.org,Meerut,1996-10-14,INS-0247,HEALTH,4272642,83017
Rajata Varghese,XJJET5498M,4508920388,saijaggi@example.org,Maheshtala,1990-01-08,INS-0250,TERM,6311015,120966
Garima Nayak,KGDYC9465F,0337933756,patiladvaith@example.org,Ludhiana,1985-01-15,INS-0251,ULIP,9535838,76075
Frado Merchant,LCDGN7853V,7766575460,faqid51@example.com,Bally,2001-05-28,INS-0255,TERM,2000901,175996
Chandani Nanda,IJVKO9090Z,6361863715,garghemang@example.net,Patna,1996-12-31,INS-0258,ENDOWMENT,2751501,137176
Nathan Mukherjee,RMAJC9387E,9385977790,chameli69@example.org,Kulti,1968-07-14,INS-0260,ULIP,3444316,165158
Girish Ramaswamy,OISQE0324S,7681511856,yashawinibasu@example.com,Srinagar,1988-09-29,INS-0261,TERM,3600114,41860
Robert Ranganathan,TIUQV0041D,7118372742,goelchaitaly@example.org,Gulbarga,1964-01-18,INS-0262,TERM,4875250,105551
Anjali Dube,TCRIN7523C,8164709006,ryanchand@example.org,Bhopal,2004-02-29,INS-0263,TERM,4888133,176359
Jyoti Bassi,XMFGT1364I,4195625257,graja@example.net,Ambala,1986-06-26,INS-0265,ENDOWMENT,8930894,189433
Viraj Bail,VBWPN9143F,2574326303,arunimanadkarni@example.net,Saharsa,1995-06-22,INS-0266,HEALTH,4205235,62443
Unni Mukhopadhyay,LMPTS2336K,3471566277,ydugal@example.com,Eluru,1979-06-10,INS-0268,HEALTH,1810346,152893
Kavya Grewal,GHCKN2372L,0234679121,malhotradevansh@example.com,Bhimavaram,1970-12-19,INS-0272,ULIP,1725232,16872
Harrison Andra,YCGNH0409Y,6984775965,jalsarastogi@example.com,Raurkela Industrial Township,1999-01-19,INS-0273,TERM,1657949,128750
Gaurav Sheth,AHHFH6475F,0999741926,hardiknanda@example.org,Machilipatnam,1996-05-26,INS-0280,ULIP,1446973,41735
Meera Yadav,LITYP8718H,1292087510,gagankunda@example.org,Amravati,1982-11-27,INS-0281,HEALTH,5879867,67102
Lakshmi Gade,RBSJI6714N,4359892625,farasmadan@example.org,Motihari,1978-07-14,INS-0283,ENDOWMENT,7349452,44116
Hemangini Tella,BMVAB0305E,4716392823,pushtiissac@example.com,Ambala,1987-07-10,INS-0290,ENDOWMENT,9453163,175058
Manthan Karnik,RMJBB1260N,1066843356,tbehl@example.org,Bharatpur,1972-12-23,INS-0291,HEALTH,9103633,135358
Champak Gopal,NSERM0005G,2475541108,kamya34@example.org,Chandigarh,1999-09-03,INS-0292,ULIP,2948176,9251
Bimala Bath,FRIGE9036K,8686694320,varghesetamanna@example.net,Avadi,1998-02-22,INS-0294,ENDOWMENT,8231427,49101
Ijaya Chawla,ZTZEY4754A,2526771196,joshua26@example.com,Shimla,1979-04-14,INS-0300,ENDOWMENT,3507598,33053
Theodore Ramanathan,SDEUP2891P,6205634111,khatribaghyawati@example.org,Amritsar,1969-12-16,INS-0304,HEALTH,9993498,29998
Baljiwan Mannan,OFTON2271Z,2889857254,ramwilliam@example.org,Jamnagar,1985-07-30,INS-0306,HEALTH,762699,59305
Gunbir Aurora,FGDUK2481S,1495511274,jatinsura@example.org,Baranagar,1978-04-11,INS-0307,TERM,2138895,119580
Ikbal Chada,MZVEU2166V,3714708272,raidavid@example.com,Bhalswa Jahangir Pur,1970-01-09,INS-0309,ENDOWMENT,4327527,98273
Gagan Chawla,GFVWN1096I,7890463378,wdash@example.com,Tenali,1960-12-20,INS-0313,TERM,2723098,27884
Vihaan Chaudhary,YZWOQ2819J,5311060920,vbakshi@example.net,Malda,1988-07-20,INS-0315,ENDOWMENT,7006196,27203
Ethan Sur,UOCZK1366L,0299015579,aachaldara@example.org,Jorhat,1961-08-25,INS-0317,HEALTH,8624053,25164
Rachita Sehgal,NGMYB6945M,5172084964,hbalan@example.org,Haldia,1995-06-08,INS-0319,ULIP,5540467,89060
Yatan Bora,XUHAU3552S,5379538164,harshilmall@example.net,Chapra,1999-11-30,INS-0320,ENDOWMENT,4567204,90429
Rudra Hegde,RAHHC0770K,9639040907,wallabalveer@example.com,Coimbatore,1981-04-23,INS-0321,ULIP,9654137,52166
Priya Natt,KRWAM0241W,9073710094,mananchandra@example.org,Thanjavur,1980-07-19,INS-0328,ENDOWMENT,1940404,35426
Aarini Sur,WTTVH4570X,1480263257,nparsa@example.net,Jammu,2001-02-21,INS-0329,ULIP,9242856,131596
Pahal Rastogi,TLKBR1449U,3426834414,keyasarkar@example.org,Hajipur,1980-01-29,INS-0332,ULIP,6053084,151761
Harish Tailor,SZGDA5466B,0471960940,liam77@example.com,Kozhikode,1976-05-17,INS-0336,HEALTH,1921902,181189
Yochana Bhatnagar,VDTYI2259R,6176792988,netra10@example.org,Ahmednagar,1964-11-18,INS-0337,TERM,4502586,85053
Oviya Lal,NJUVW3502Q,3719905169,rdayal@example.net,Vasai-Virar,1962-03-15,INS-0341,ENDOWMENT,1399447,99119
Vincent Chanda,VWZYI9036K,0301027240,brindadayal@example.net,Nangloi Jat,1989-07-27,INS-0343,TERM,4199871,81569
Warda Parikh,XJSPP3745H,5881056974,dalajakade@example.org,Ajmer,1962-03-19,INS-0344,ULIP,9519575,80673
Atharv Nayar,VUNBB4930Y,1864876998,ikhanna@example.org,Panipat,1964-05-25,INS-0346,TERM,7904902,148223
Jack Khosla,WJGEX7651P,9376392836,bhavini55@example.org,Alappuzha,1979-02-28,INS-0351,ENDOWMENT,1494652,77698
Bhavika Naidu,CVUNB6522H,9951542144,bhavyalad@example.net,Ahmednagar,1989-12-16,INS-0354,TERM,8191502,171419
Janaki Wason,TOSZK3286X,6383000818,barkhamitra@example.org,Shahjahanpur,1962-02-13,INS-0360,HEALTH,3277050,18575
Krishna Gala,ALJEE8705A,3318751097,upkaar50@example.org,Anantapuram,1996-09-30,INS-0365,ENDOWMENT,2733823,173185
Damini Pillai,IPQME9648L,1342491289,urvashi32@example.org,Thrissur,1964-08-26,INS-0366,ULIP,3039636,112927
Dipta Chatterjee,VBVRU8439T,9580660138,sachibasu@example.com,Dibrugarh,1978-08-23,INS-0370,ULIP,9186388,164102
Nicholas Sibal,ZNDLK8207S,6734595764,samapooja@example.com,Guntakal,1961-11-21,INS-0374,ENDOWMENT,7606413,188975
Harish Sinha,QYDTP8637W,6252654696,obala@example.net,Noida,1976-11-16,INS-0376,TERM,5703780,188153
Balhaar Wali,IGIUJ6321O,6457938970,dinharrison@example.com,Naihati,2001-06-10,INS-0380,ULIP,6738933,38274
Madhavi Kumer,OFJWF6091N,4457702992,wsagar@example.org,Miryalaguda,1993-05-16,INS-0383,HEALTH,3139223,71877
Hardik Narayan,IVIFZ8148D,9833423372,gavin31@example.org,Ghaziabad,1969-10-10,INS-0391,HEALTH,4569884,126615
Hema Yohannan,NTGTU2313X,1493925236,eshanavarty@example.com,Agartala,1970-09-12,INS-0394,HEALTH,2243975,58790
Tanveer Thakur,PKUUE7411U,0673499601,raksha41@example.com,Srinagar,1974-11-30,INS-0396,ULIP,7116116,24616
Atharv Walla,WEUUO9028Q,3426433502,sawhneysathvik@example.com,Amroha,1979-12-06,INS-0400,HEALTH,8273665,74470
Isha Patel,OSFPP4164Z,7045023290,upmabarad@example.org,Durg,1976-12-27,INS-0402,HEALTH,3417016,13147
Luke Kar,NGPOQ1164L,5798894256,rajanchanakya@example.org,Kanpur,1966-12-04,INS-0405,HEALTH,1758076,10714
Victor Wali,RKOON2521O,8963406468,laban40@example.org,Miryalaguda,1990-01-12,INS-0408,HEALTH,7982830,43962
Urishilla Kata,VNDJE7418W,4064176927,chakrabartijanani@example.org,Bhiwani,1979-03-10,INS-0410,ENDOWMENT,7412082,149359
Nandini Pall,WNIVZ2715O,4116597263,raksha52@example.org,Pune,1965-07-16,INS-0413,HEALTH,7015956,75893
Theodore Korpal,ASPBN3732E,6889362896,adya65@example.com,Imphal,1984-05-30,INS-0415,TERM,8413550,143787
Devansh Pandya,UBTMF1494B,6374845398,abeer90@example.net,Dharmavaram,1965-11-25,INS-0417,TERM,4181115,155914
Devansh Wagle,MXWLL6233B,1511696667,mukhopadhyayisha@example.org,Nizamabad,1982-08-15,INS-0418,ULIP,4468669,160325
Aarna Sami,ASAAA9434Y,3749060723,vrindabhavsar@example.org,Rourkela,2002-02-24,INS-0424,TERM,6146557,84105
Shivansh Nadkarni,VQLWD0902M,6624813235,korpalbhavna@example.net,Asansol,1984-09-15,INS-0426,ULIP,6848231,85431
Dakshesh Choudhury,BNUKU1688U,0213060906,borahanmol@example.net,Aurangabad,1989-01-02,INS-0427,TERM,7069981,153762
Anirudh Mittal,YCSRR6376S,5586652548,fiyaz71@example.net,Danapur,2000-01-19,INS-0434,TERM,6234590,49592
Aarush Sant,YUOHM3301E,7927490728,adyadhawan@example.net,Amravati,1991-07-24,INS-0436,ULIP,3687406,112290
Raghav Grover,OLSMA5326G,3645380442,upadmanabhan@example.org,Vijayawada,1990-04-17,INS-0437,ULIP,2109202,18011
Oni Bakshi,ZXABY2562Q,2923106724,kramanathan@example.com,Ambattur,1968-12-28,INS-0439,ULIP,2127170,11746
Kala Solanki,APNUS1075O,7485953259,zaidsuresh@example.net,Surat,1974-06-05,INS-0441,ENDOWMENT,8705682,178287
Raghav Dara,ZGSPY4038Y,0443240061,jraja@example.org,Satara,1965-05-17,INS-0443,ENDOWMENT,8302377,74048
Tamanna Majumdar,KLIUB3974H,5875256806,bakhshi45@example.net,Sasaram,1963-02-03,INS-0444,TERM,3035551,187575
Watika Bhatt,HKTPF1221W,5516517680,gauravjohal@example.com,Bhiwandi,1994-03-13,INS-0445,ULIP,9787898,20986
Vamakshi Ghosh,DLSJR0113R,9712316600,agill@example.net,Rajkot,2002-11-06,INS-0450,TERM,1960078,106737
Aachal Gala,UUZXJ3571Z,3956137230,ekbalmohan@example.org,Avadi,1996-12-11,INS-0453,ENDOWMENT,8646760,154952
Yashawini Saxena,RSKYZ1827I,4918727420,rchoudhary@example.org,Davanagere,1981-11-06,INS-0456,HEALTH,5584418,86513
Advay Prabhu,HQRLH0801A,2537337773,dhingrajoshua@example.net,Jabalpur,1981-08-26,INS-0459,ENDOWMENT,2775826,142438
Kala Mall,TIMUT6475E,6989992751,krishnamurthyamrita@example.com,Hindupur,1983-03-25,INS-0461,ULIP,5096579,101561
Veer Rout,OFNDK4281P,4876230391,jeetshere@example.net,Mangalore,1967-05-10,INS-0469,ENDOWMENT,1571008,93154
Onveer Magar,DZIKD8088E,2395947372,bhavsarkrishna@example.org,Tumkur,1980-11-28,INS-0470,HEALTH,3660157,44303
Yoshita Bansal,JYVQT8981C,2231964630,robertsahota@example.net,Erode,1995-10-24,INS-0474,ULIP,5428878,30586
Aadi Bhatti,YEODK2047R,1175957498,zinalmallick@example.net,Kamarhati,1996-06-28,INS-0475,HEALTH,4246820,85500
Yashodhara Mital,TZQGJ7609J,3372188566,finn32@example.net,Amritsar,1994-09-25,INS-0476,HEALTH,5433359,126572
Bhavani Devi,KPXSG1794G,9340652775,zsahota@example.org,Khammam,1969-11-24,INS-0479,ULIP,2804606,57506
Charan Taneja,SXHPY9388J,2830615370,brindakurian@example.com,Purnia,1969-08-12,INS-0484,ULIP,800582,182405
Andrew Chadha,KHSIM1225E,0566186323,karanwarda@example.net,Munger,1974-10-24,INS-0486,TERM,6934909,136946
Edhitha Korpal,CGDTQ4864I,6245618517,balbhavani@example.com,Tiruchirappalli,1998-11-22,INS-0488,ULIP,6250102,133497
Upasna Patel,KLJYP6814F,2291073228,raghav78@example.org,Chinsurah,1969-12-02,INS-0490,TERM,6650383,191413
Hemangini Deshpande,SRPNH6969T,4970169342,kotharikevin@example.net,Ahmednagar,2004-07-21,INS-0491,TERM,2442630,114255
Avi Chatterjee,LKOVC9043U,3332470739,jeevikamistry@example.net,Jamnagar,1990-11-26,INS-0498,TERM,2199372,72080
Tanish Bahri,XIDFL3646H,0381876920,jonathankhosla@example.org,New Delhi,1984-05-08,INS-0500,TERM,2093809,17029
Aashi Lal,CBFNI5822Z,1829716815,ayushman00@example.org,Ludhiana,1964-04-25,INS-0501,HEALTH,3568039,34840
Abdul Lal,FPHMY4287T,8164321269,nikita42@example.org,Gurgaon,1993-12-02,INS-0505,ULIP,6175742,141078
Unnati Dasgupta,PLFOR8093M,3265306011,lopa17@example.net,Suryapet,1992-04-29,INS-0508,ULIP,9735783,173641
Deepa Bobal,GISOO1894Z,5092632239,khatrisiya@example.com,Naihati,1979-01-15,INS-0510,ENDOWMENT,7417892,14393
Rishi Oommen,VHIAC4378N,5910157090,mannbhavika@example.net,Pune,1992-01-30,INS-0513,TERM,6227022,98097
Osha Prashad,VURRW4899D,8428596932,ansh84@example.net,Akola,1999-10-26,INS-0514,TERM,1268029,48032
Gaurav Deo,WZGDI5523F,0321192061,kevin77@example.net,Gandhinagar,1965-12-20,INS-0520,ULIP,5090177,109299
Neha Dani,FPZHX7706Z,0506821223,ramaswamyjasmit@example.org,Panvel,2004-02-23,INS-0523,ENDOWMENT,7504117,181748
Atharv Seth,EUOQD4619F,6829968722,wakeetabarad@example.net,Loni,1960-08-30,INS-0526,HEALTH,2956660,21261
Wazir Pillay,WYYUN0405V,9001248255,lsharma@example.com,Kolhapur,1976-03-02,INS-0527,TERM,6517692,123644
Mahika Pingle,QYJUB5078N,7443034918,ksule@example.org,Nagaon,1997-04-15,INS-0529,ULIP,6669672,159241
Gabriel Patla,USDGU3641U,1325936781,chakradev09@example.com,Moradabad,1973-02-08,INS-0530,TERM,3636946,50559
Brinda Sachdev,GVTKX2025S,1832812312,modygeorge@example.org,Bangalore,1999-08-06,INS-0534,ULIP,3584811,141473
Lavanya Khosla,LTCHP1608E,1733739920,tanishsabharwal@example.org,Purnia,1995-10-23,INS-0536,HEALTH,6553183,81958
Reva Agate,EKDVP2927Q,8713752988,chaudharikrish@example.com,Meerut,1984-09-29,INS-0538,ULIP,1169029,183926
Vasatika Bhagat,KEOJF6159R,2990716690,baghyawatiwali@example.net,Tiruvottiyur,1974-09-09,INS-0544,TERM,4319259,72803
Yashoda Basak,DDTOV6713F,4584743621,wgopal@example.net,Amroha,1979-05-17,INS-0547,HEALTH,8936204,32822
Samarth Dara,QZXMM8053Z,7466621591,cbahl@example.org,Sambhal,1978-11-20,INS-0548,HEALTH,7842987,104985
Waida Kapur,CRHAY1379M,1661237407,virajghosh@example.com,South Dumdum,1969-11-30,INS-0550,ULIP,2567542,15950
Ishaan Sehgal,BQIBN0142D,8782116020,keerkala@example.net,Siliguri,2000-02-14,INS-0551,ULIP,7423193,174327
Sneha Vaidya,AJJVG4217Y,2593648820,mugdha88@example.org,Junagadh,1966-09-07,INS-0555,TERM,3812117,195208
Nandini Natarajan,WTFJQ0254H,6503440966,vartyjonathan@example.net,Hindupur,1984-04-26,INS-0557,HEALTH,5807189,117278
Aditya Sandal,JSLWZ2212C,7746259160,harish15@example.net,Deoghar,1995-09-12,INS-0562,ULIP,6637418,107891
Rishi Dube,WVUFR7489N,7763342720,egara@example.com,Ahmedabad,1989-06-16,INS-0565,ULIP,8611841,99056
Arya Kumar,BDINI4544X,7993781053,gthakkar@example.net,Siwan,1992-12-27,INS-0567,HEALTH,4426181,16221
Yoshita Dubey,ELSIE9045G,7246301986,samarkara@example.net,Ujjain,1983-07-31,INS-0568,TERM,1169489,175006
Xalak Balan,LHGDT6293K,2210102320,bshenoy@example.com,Ranchi,2000-09-04,INS-0569,ULIP,6819298,176357
Fiyaz Merchant,SDUPJ3561S,3198074682,rmutti@example.org,Delhi,1969-05-15,INS-0570,ENDOWMENT,6420646,95448
Jalsa Nayak,FDSTF8517Q,7469211882,bdevi@example.com,Ujjain,1966-11-01,INS-0574,ULIP,1223841,38524
Hema Rout,NIREL4072G,8954001788,fkhosla@example.org,Srinagar,1977-10-09,INS-0576,ULIP,9167792,111287
Abeer Subramaniam,PSWDF1058H,0927115261,kbera@example.org,Varanasi,1962-01-29,INS-0577,TERM,4133834,122755
Tanay Bobal,JWXJQ0450N,3217435748,dwagle@example.com,Bongaigaon,1979-10-17,INS-0579,TERM,4355635,104145
Nathaniel Jha,CIVXU9209G,7409131117,dharfalguni@example.com,Pali,1963-01-04,INS-0581,ENDOWMENT,2686555,163197
Om Bajwa,URSFR6953L,1227595002,indrajit53@example.net,Sri Ganganagar,2003-03-02,INS-0582,ENDOWMENT,6896087,96886
Daniel Borah,QCXSP8677E,2339449530,wpurohit@example.org,Khammam,1960-12-27,INS-0585,ULIP,7648295,175806
Lohit Shankar,EQDDB5582S,0711523802,gargekansh@example.com,Nagaon,1985-11-03,INS-0588,TERM,4098010,138259
Aayush Pau,XHGBN9161I,5881959772,bediharinakshi@example.org,Deoghar,1994-04-27,INS-0589,ULIP,7028076,171691
Arya Sur,VHEAX4328K,0202030423,iparmer@example.net,Latur,1977-01-16,INS-0591,TERM,1133429,194921
Benjamin De,DAQZM8165A,5937775691,ekavirbajaj@example.net,Khora ,1964-07-30,INS-0592,TERM,3884085,177198
Upasna Misra,LVHNH6902Y,4384196622,sainividhi@example.org,Ambarnath,1978-06-29,INS-0593,ULIP,3343451,181691
Thomas Iyer,USDLX8532Q,5833343031,bravi@example.com,Uluberia,1998-08-19,INS-0596,ULIP,3763591,124212
Edhitha More,AOQXD3079O,0081785221,jchanda@example.com,Sangli-Miraj & Kupwad,1969-11-01,INS-0599,HEALTH,9524521,155704
Chakradhar Parikh,BXUPH2781Q,0027221425,mbala@example.com,Chapra,1991-02-04,INS-0601,ULIP,4357587,87766
Teerth Rao,CMHMY8172N,5286209297,indira33@example.org,Saharanpur,1988-10-16,INS-0602,HEALTH,4665071,80311
Utkarsh Gupta,ASXES8992S,5323661850,sharafchakradev@example.net,Pali,1987-05-08,INS-0603,ULIP,8495273,87279
Lekha Palan,CBAPW6045U,7309649692,parmarlaksh@example.net,Rajahmundry,1974-10-06,INS-0611,ENDOWMENT,2519442,188040
Praneel Pillai,KDARN5128B,3159489895,odika63@example.com,Firozabad,1999-02-13,INS-0612,TERM,5959913,99791
Harish Krish,CIDSL2109H,0754853465,jeremiahbarad@example.org,Kalyan-Dombivli,1973-11-29,INS-0614,ULIP,7531212,188687
Daksha Raj,KDBJV1293W,2137565896,urishilla08@example.com,Chapra,1987-06-15,INS-0615,HEALTH,8061977,52156
Advika Patel,SUZYO8434F,3885034236,robertmukherjee@example.com,South Dumdum,1972-04-19,INS-0616,ENDOWMENT,6890162,56396
Champak Gade,BZVLC2894W,2332829302,nchokshi@example.org,Berhampur,1961-08-08,INS-0618,HEALTH,9931118,153854
Tarak Madan,SDEZL2028Z,1722240507,echaudry@example.net,Pondicherry,1996-12-05,INS-0620,ENDOWMENT,2534027,97036
Kalpit Chad,DGCPS1018W,9017074039,isha29@example.com,Kumbakonam,1965-02-14,INS-0622,ENDOWMENT,1696955,25738
Aachal Krish,KBXSJ3872J,6265496330,chaitaly47@example.org,Ambala,1997-08-15,INS-0623,ULIP,5759356,88067
Yashoda Narayanan,ZKAXN0470R,8519537749,nathanielnadig@example.com,Agartala,1968-10-09,INS-0624,ENDOWMENT,5050787,121627
Onveer Bhatia,SBKDW0768B,3283896337,ishaan86@example.org,Malda,1965-03-30,INS-0631,ENDOWMENT,9569497,76411
Dalaja Chopra,QGYKM0132O,1883527918,fsubramaniam@example.com,Varanasi,1979-03-23,INS-0632,HEALTH,8580774,146470
Irya Chandra,TNGLK2573K,5394607429,vaishnavi29@example.com,Gudivada,2004-02-16,INS-0634,ULIP,6269431,80173
Chakrika Mitter,CZERQ4299V,8652406221,isridhar@example.com,Mangalore,1968-09-27,INS-0639,TERM,3560284,40815
Sai Khatri,CGEGI8926L,5278730486,pratyush17@example.net,Alappuzha,1975-01-04,INS-0644,ENDOWMENT,5727389,135651
Aradhana Varkey,UDLXC8499K,7595828190,ushere@example.net,Durgapur,1973-10-20,INS-0647,ENDOWMENT,711652,36971
Advay Bajaj,CDKDX9921U,8669335158,nagarrobert@example.org,Jaipur,1993-06-19,INS-0649,TERM,4749882,131151
Jairaj Khosla,IIKET9103I,5136090858,manderfalak@example.org,Dewas,1969-12-20,INS-0650,TERM,4153880,34603
Sudiksha D’Alia,UYNBK8939A,6764909228,umadan@example.com,Patiala,1997-03-16,INS-0654,ULIP,858241,185682
Sudiksha Deshpande,MBPBZ7174J,1640343988,upmasavant@example.net,Anand,1970-06-03,INS-0655,HEALTH,1162507,132219
Krish Amble,DTSFS4410L,1932453810,hardik22@example.com,Bhopal,1986-06-24,INS-0657,ENDOWMENT,5460564,74035
Yasti Kashyap,HKCFS7819N,1640069836,victor48@example.com,Gopalpur,1980-05-23,INS-0664,ULIP,8744416,25960
Aayush Aggarwal,FHQHZ8899Z,0916923273,ybasu@example.org,Dewas,1984-07-16,INS-0666,TERM,2198275,195099
Janani Jani,ABCUY5346K,4946672010,dewangavin@example.net,Durgapur,1989-05-08,INS-0668,ULIP,3526551,149170
Mahika Dhaliwal,EFQSU0858I,3536423570,girindradewan@example.net,Aligarh,1984-10-15,INS-0669,ENDOWMENT,6411017,87615
Hiral Badami,DDMLO4610D,6600128382,gillsai@example.org,Coimbatore,1976-01-27,INS-0670,ENDOWMENT,5926605,164491
Advay Tank,XUWQT6653Y,4227634601,abhimanyupau@example.com,Tirupati,1982-04-11,INS-0671,ENDOWMENT,7162074,5051
Faris Dutta,ACAGZ9035G,8974223543,jradhakrishnan@example.org,Saharanpur,1964-06-16,INS-0673,ULIP,4104128,87550
Zayyan Parekh,YLBZQ2549S,4111973881,aarnavsanghvi@example.org,Kamarhati,1975-06-24,INS-0674,ULIP,2081875,14892
Xiti Thakkar,RLZAI2188B,6405110212,fitan23@example.org,Rewa,1962-11-16,INS-0675,ULIP,4945763,101228
Aayush Khatri,YDDMK7218D,1978999011,chamelisoman@example.org,Aligarh,1993-08-23,INS-0676,ENDOWMENT,4147992,197483
Mitali Sodhi,EBNSH0675P,2150164261,rudrapatla@example.org,Sangli-Miraj & Kupwad,1973-01-17,INS-0680,HEALTH,8928900,187915
Urvi Tella,WQKBE9775L,3842273627,parthdin@example.com,Aligarh,1994-02-22,INS-0687,ULIP,7889750,16764
Jai Swamy,XSKNI1620X,4486983052,johalpraneel@example.org,Bokaro,1993-07-01,INS-0688,TERM,1414996,68713
Krisha Kapur,RYCBP1729J,8390654025,ikbal93@example.net,Warangal,1980-12-18,INS-0690,ULIP,808508,103725
Wakeeta Gole,HYOWP8129D,9602667652,ishani39@example.com,Dharmavaram,1977-01-27,INS-0691,TERM,1617325,106880
Aadi Tiwari,AVFXW8640A,2080192902,wazir90@example.com,Hosur,1985-10-27,INS-0692,ENDOWMENT,4378365,104798
Umang Ghose,NLAKP2533W,0255501935,nidhithaman@example.net,Dhule,1988-01-30,INS-0693,ULIP,8899526,125058
Reyansh Gaba,LBIAZ4362I,5983124412,maya59@example.net,Pimpri-Chinchwad,1965-10-27,INS-0694,ULIP,808234,95906
Watika Ratti,TLXRK3177E,6294193759,meghanasekhon@example.org,Salem,1981-10-29,INS-0695,ULIP,8909604,77319
