name,pan_like_id,mobile,email,city,dob,source_customer_id,loan_type,loan_amount,outstanding,emi
Nathaniel Sami,MDHQJ9166A,6724238849,misrayashica@example.net,Jamnagar,1977-02-01,LOA-DEMO-s3b,PERSONAL,1934068,1951701,68237
Jai Kota,LJOLO3150A,0310518347,ykibe@example.com,Jhansi,1964-10-13,LOA-DEMO-s4b,BUSINESS,1949189,3768238,79236
Bhavani Dugar,ZPHAQ7849J,1241182449,yashasvi74@example.org,Bhusawal,1997-02-15,LOA-0003,PERSONAL,4730852,2459357,49400
Patrick Vasa,HDIZD7083Q,7986872774,rkhare@example.com,Baranagar,1970-12-14,LOA-0009,AUTO,1271304,2068861,75579
Ekaja Zachariah,YSJTN1223E,6587603669,wahuja@example.com,Gurgaon,1984-04-25,LOA-0010,HOME,4374216,4139910,13915
Zayyan Bumb,WOPEX7080P,0330923271,jyoti29@example.net,Ujjain,2003-01-31,LOA-0012,BUSINESS,4026287,4438532,34953
Chatresh Doshi,PHJWA2941M,8677496499,siddharthlalla@example.net,Sangli-Miraj & Kupwad,1971-03-10,LOA-0017,HOME,1177025,3986957,74063
Nikita Chander,PJFTS3171G,6773782639,oeshi58@example.com,Ichalkaranji,1992-07-31,LOA-0021,HOME,4890256,4833613,63953
Alexander Dhawan,YQVNS6217Z,5865780913,wchaudhari@example.net,Raiganj,1967-12-15,LOA-0023,PERSONAL,925588,508455,54772
Ethan Sathe,SQDTM5946Y,1369594406,tanejabhavini@example.org,Muzaffarnagar,1988-08-24,LOA-0025,HOME,2436606,3880805,34742
Mohammed Sachdeva,RCSXN1796C,3515850643,anshbedi@example.com,Cuttack,1995-04-06,LOA-0028,BUSINESS,118080,3275095,36760
Ekapad Johal,XJYMA9335R,2842102053,alkaben@example.org,Hajipur,1965-08-20,LOA-0029,AUTO,1926207,490593,77914
Abeer Golla,JVOBF2961V,6675254599,chandranbumb@example.com,Khandwa,1982-01-02,LOA-0033,PERSONAL,787726,3516713,78503
Xiti Pandya,BDEUK1606B,6416052975,rajatarattan@example.net,Tenali,1998-12-09,LOA-0035,PERSONAL,714555,4510004,29938
Fiyaz Dyal,BFOCW4782B,0685361530,lakshbarad@example.com,Kolhapur,1994-01-09,LOA-0041,BUSINESS,4805227,81115,16663
Wridesh Saha,EHIGY2185G,6706540515,kiaan05@example.net,Akola,1997-03-04,LOA-0043,PERSONAL,3101521,1762249,34706
Dev Shankar,YMCUT0430G,8740345054,ysarraf@example.com,Mehsana,1991-02-01,LOA-0044,HOME,3558576,207923,25509
Zilmil Loke,MLISU1616G,5447962757,omaharaj@example.org,Machilipatnam,1976-08-14,LOA-0045,PERSONAL,3308992,324845,63694
Darpan Dugar,NVMJU7677T,5625881537,lohitchatterjee@example.org,Yamunanagar,1998-08-28,LOA-0050,BUSINESS,4936771,1594496,35386
Odika Narayanan,JKAPE7120E,4540193802,ltandon@example.net,Gaya,1961-01-15,LOA-0056,BUSINESS,1523474,711316,39196
Ojasvi Sinha,YFHCH8339T,1910883982,rdada@example.org,Mysore,2000-03-09,LOA-0059,HOME,3321044,4147136,54383
Harrison Bandi,VCZCO7903I,0284395995,odikamital@example.com,Proddatur,2002-05-15,LOA-0062,BUSINESS,1435113,3981857,60991
Hemangini Raj,JTYLW8566I,3342708668,aadhyajani@example.com,Hospet,1997-11-28,LOA-0063,PERSONAL,2496861,1967074,37614
Dhriti Sachdev,BQJLL0932U,4235369378,ksharma@example.net,Gulbarga,1966-10-17,LOA-0065,BUSINESS,3587767,522322,29110
Qarin Bhargava,WAAIO8010O,2038750997,barora@example.net,Jorhat,2003-08-24,LOA-0066,AUTO,3371445,3515005,72545
Fitan Tata,HCONS6591K,4014890250,tbose@example.org,Tezpur,1997-05-11,LOA-0068,PERSONAL,3405281,4965156,75975
Jalsa Chhabra,XWRGI1047F,6788861015,lekha04@example.com,Guwahati,1992-07-11,LOA-0070,BUSINESS,2434185,3536342,35065
Omkaar Rai,RFJEK2244B,6471543799,dakshaahuja@example.com,Udupi,1977-05-08,LOA-0071,PERSONAL,4624974,436925,47870
Arya Bhatnagar,XUMDH9182Q,8596969155,frado25@example.org,Farrukhabad,1965-10-12,LOA-0076,HOME,737504,4966876,33830
Aradhana Date,PWRZF2325J,6671168457,chandertara@example.net,Rajkot,1995-08-24,LOA-0080,AUTO,2803686,2059362,13359
Warda Loyal,KIKFY5458V,0170127706,anushachander@example.net,Chandrapur,1964-04-05,LOA-0081,BUSINESS,2921899,240753,66789
Charles Randhawa,TGANE4361E,9387005162,uchakraborty@example.org,Satara,1976-10-22,LOA-0082,AUTO,2954969,2345945,38211
Samesh Vasa,SPDYY9836P,6137918055,ipau@example.net,Chittoor,2002-08-19,LOA-0084,PERSONAL,880588,2468226,31045
Radha D’Alia,TQVQV7990L,0202758842,balangautami@example.com,Loni,1963-06-12,LOA-0086,BUSINESS,2372611,2572140,34951
Arjun Kaul,AWQYV8505U,1383670241,dpradhan@example.net,Amaravati,1964-11-03,LOA-0089,HOME,4217788,860567,3607
Radhika De,ZZSVU3445U,4313291212,idara@example.com,Bidhannagar,1974-03-14,LOA-0090,PERSONAL,2217942,4007482,16953
Viraj Dutta,IYVDW1334O,5223955905,waidamore@example.org,Agra,1964-08-09,LOA-0094,PERSONAL,932431,1743051,29659
Udant Gill,LUASK6442Z,2959391725,oliver15@example.com,Bilaspur,1969-11-10,LOA-0096,BUSINESS,4041911,2443260,6278
Girik Nigam,BPKMB9970K,1533688444,jswaminathan@example.org,Delhi,1979-06-14,LOA-0098,HOME,2328286,1193164,11359
Daksh Varma,ZIXHK2148B,3303070534,rdasgupta@example.org,Serampore,1982-02-21,LOA-0103,BUSINESS,4224894,765396,63605
Peter Som,KQVSF9855S,6029333346,pdeo@example.org,Rajahmundry,1971-09-28,LOA-0104,AUTO,977447,1349096,45228
Anvi Sampath,NDTRH6574N,9108589944,aradhana54@example.com,Maheshtala,1967-03-26,LOA-0105,PERSONAL,2738361,2117275,44372
Dakshesh Raval,SQAZY5207V,9935387584,gunbir72@example.net,Karaikudi,1994-03-15,LOA-0106,HOME,4448984,3034825,67338
Luke Mutti,OLUOD2175A,4329271296,arajagopal@example.org,Dindigul,2002-06-09,LOA-0108,HOME,1428572,2606761,74199
Yamini Gara,OQXIN1506D,1001676184,mitraosha@example.net,Saharsa,1972-07-06,LOA-0110,AUTO,3585385,4047499,63894
Omya Cheema,HYGFM8914M,4835642087,aarnavarya@example.net,Bhubaneswar,1997-05-21,LOA-0111,HOME,4363433,1145114,11150
Manthan Chana,PODSQ8114D,1204556110,ishita79@example.com,Serampore,1996-06-29,LOA-0112,AUTO,121518,2372625,41132
Ishaan Rattan,SEZAP6746Z,1202169797,ayush27@example.com,Bulandshahr,1980-01-10,LOA-0113,BUSINESS,3919707,2699264,26727
Advika Murthy,OQVHH0899S,6375628900,egandhi@example.com,New Delhi,1975-03-12,LOA-0114,BUSINESS,1375951,4155117,6852
Tanveer Shankar,CORLH3516X,7982708086,oscardave@example.org,Ghaziabad,1987-04-22,LOA-0117,AUTO,4576348,3187749,43505
Yuvraj Mahal,ZIIAM6547S,8583339452,jack58@example.com,Deoghar,1973-03-20,LOA-0118,PERSONAL,2069395,2410709,31817
Agastya Virk,DQDMR1062W,4420438057,lopakhanna@example.net,Nashik,2001-05-26,LOA-0119,PERSONAL,485800,2721051,9355
Agastya Krishnamurthy,OTTPX3973W,3472122816,kalpit29@example.com,Bathinda,1981-02-25,LOA-0120,HOME,4555746,3456540,76177
Vaishnavi Andra,PNNPC1573R,6164840858,vaishnavi.andra38@example.net,Jalandhar,1968-01-01,LOA-0122,BUSINESS,2230516,3855156,35466
Frederick Mody,PGJKL3536O,3129087814,vidhinarayanan@example.com,Noida,1965-01-13,LOA-0125,PERSONAL,4847356,411412,67107
Adya Ghosh,PEHQY6659O,5577908272,siddharth22@example.org,Madanapalle,1992-03-12,LOA-0129,HOME,1208636,4524880,49953
Victor Sachdeva,ENLKP5177A,3029922809,pranit86@example.net,Anantapuram,2002-04-25,LOA-0130,AUTO,1066113,3928648,11869
Saumya Sinha,MJYLX7236L,2579913662,mdoctor@example.org,Fatehpur,2000-04-21,LOA-0131,BUSINESS,216758,2218439,72329
Yahvi Dalal,IAXRP1729B,5086376599,vansha31@example.com,Bardhaman,1968-12-13,LOA-0132,HOME,4055034,209921,75584
Jacob Venkatesh,AXGJB0635P,4869594636,kamalasule@example.com,Gangtok,1975-10-15,LOA-0133,AUTO,4232434,974089,14739
Lakshit Dani,NGZYV3721Z,2601279611,baradleena@example.com,Kavali,1963-03-01,LOA-0134,BUSINESS,3212270,4531463,56935
Warda Sarna,MCYMG0384H,9205302146,zarnaaurora@example.net,Mysore,1984-10-25,LOA-0135,BUSINESS,2446630,274444,50566
Janya Rattan,IKROG4729U,3866322702,vidhi44@example.net,Sikar,1964-12-27,LOA-0140,HOME,1190453,4531655,34853
Harshil Chandran,BXZHW1780F,4921643347,ayushbanerjee@example.net,Anantapur,1998-08-30,LOA-0143,PERSONAL,633163,3995040,60756
Raghav Nagi,BLGSR0208I,0312073564,narayananfaris@example.org,Shimoga,1994-10-06,LOA-0146,BUSINESS,716484,677719,44219
Upma Golla,HXTPY3460X,3037183764,kulkarnivasana@example.net,Davanagere,1976-06-29,LOA-0147,AUTO,3295257,4450633,40652
Tejas Chowdhury,KYRLH3650Z,0097925132,darpan05@example.net,Jorhat,1995-06-17,LOA-0148,PERSONAL,4724935,1803744,58370
Idika Sarna,UIQCF3065T,8487392855,idika.sarna23@example.org,Sagar,1996-09-08,LOA-0149,BUSINESS,3589574,797637,42966
Ekiya Khosla,XJVQX9836C,6004908240,anthony48@example.net,Bareilly,1962-04-18,LOA-0153,PERSONAL,2512810,2621011,48090
Eta Thakkar,CWMKG3206F,6462251790,rastogiyachana@example.com,Bhavnagar,1981-10-17,LOA-0155,HOME,1007801,2936969,74910
Saumya Deep,RZMIT3298S,6292518812,odika64@example.com,Saharanpur,1994-12-01,LOA-0160,BUSINESS,3905456,2859642,22631
Ranveer Manne,DKBSN7644D,7718129826,golasudiksha@example.net,Malda,1964-08-08,LOA-0163,BUSINESS,3574425,2291489,30255
Ishaan Sengupta,UYGNK5186Y,0259222206,pratyush12@example.org,Nizamabad,1961-03-04,LOA-0164,AUTO,480988,1849842,53807
Wazir Kalla,CFMMA9776P,9830220502,garima10@example.org,Mangalore,1967-09-25,LOA-0165,AUTO,2852489,1006501,3013
Balendra Chander,EWBJE4556S,2145863117,sulebhavna@example.com,Rampur,1983-10-02,LOA-0166,HOME,3289411,4467624,32161
Kai Taneja,NOTSM8772A,0713966055,baghyawatikumar@example.org,Dewas,1982-12-06,LOA-0167,PERSONAL,2726142,4829817,58267
Abeer Comar,NBLMV5569V,7027278576,anirudh39@example.net,Raichur,1963-07-20,LOA-0168,PERSONAL,3497657,174957,44568
Keya Warrior,LMHYW2996T,0461735743,prasadbaljiwan@example.org,Raiganj,1982-11-24,LOA-0169,HOME,3754719,4939810,54487
Xiti Dube,TXUJX3578G,3076810409,chauhandevika@example.org,Bhagalpur,1974-10-02,LOA-0170,HOME,2893982,1410399,12011
Praneel Sehgal,MTWQZ9545I,7921717477,januja62@example.net,Anantapur,1980-07-30,LOA-0172,BUSINESS,4835300,2711267,43436
Dhruv Soman,KSXWM1577K,8161581487,yagneshdutt@example.com,Amritsar,1975-08-17,LOA-0173,PERSONAL,4033595,3709510,41691
Bishakha Ramakrishnan,NRUTK9973Y,6519098624,acharyajagrati@example.org,Ludhiana,1970-12-26,LOA-0175,PERSONAL,3193195,2408176,12057
Eesha Raja,NQLEI6668M,5624220102,devanojasvi@example.com,Bokaro,1980-08-17,LOA-0176,PERSONAL,3872639,4795403,26672
Aadhya Raman,HVRSL7393U,0106181753,bajwageorge@example.org,Khora ,1988-09-16,LOA-0181,HOME,2896443,683688,78380
Gabriel De,SLQSD6921Q,7465421406,alka27@example.org,Kollam,1987-06-28,LOA-0182,BUSINESS,4365510,3035234,4389
Anirudh Sinha,ALODT9032Y,7929111799,znazareth@example.net,Anantapur,1965-12-13,LOA-0186,HOME,3771470,366518,55852
Ekanta Kala,EHRJW0925A,5827390219,abuch@example.org,Hubli–Dharwad,1991-09-25,LOA-0187,HOME,4579610,2006290,42562
Isaiah Dixit,QCDPX7722S,6459701082,bobalwahab@example.net,Guntakal,1986-02-22,LOA-0189,HOME,2197178,437715,64991
Abdul Sahni,CBHZE0078Z,7731806325,srinivasandalaja@example.org,Aurangabad,1993-07-07,LOA-0192,PERSONAL,3425696,4211140,51015
Suhani Sheth,ODTOA2625O,6580464989,christopher85@example.org,Yamunanagar,1976-09-20,LOA-0193,PERSONAL,3244995,1883567,5694
Siya Pillai,FZLSE1371G,4127238046,osha70@example.com,Rajkot,1961-08-09,LOA-0195,PERSONAL,764593,159416,35544
Chakrika Som,UCVSH4929U,0281406937,hayertristan@example.com,Lucknow,1964-04-24,LOA-0198,BUSINESS,4596745,137869,69551
Robert Swaminathan,DQXZJ5998T,5650455478,ssavant@example.org,Vijayanagaram,1966-10-10,LOA-0199,AUTO,2117999,4787074,56600
Utkarsh Mohanty,BSWYH2321E,7603108907,mitraadvaith@example.org,Madanapalle,1969-09-03,LOA-0204,AUTO,407197,1603091,39501
Pratyush Pant,OAHWU6638H,1827548015,tanmayi94@example.net,Kamarhati,1985-01-02,LOA-0206,HOME,4262454,4173528,50148
Vamakshi Pillai,ZCHQR2071F,2669121535,kaulpanini@example.net,Alwar,1994-04-15,LOA-0207,HOME,4675770,2464291,44101
Unnati Jaggi,QIVZI4778I,0616756770,nitesh76@example.org,Pali,1982-01-30,LOA-0209,HOME,3823773,2948989,60606
Vamakshi Dugar,FLYNR8064W,5009025590,wpai@example.com,Pimpri-Chinchwad,1989-09-23,LOA-0210,PERSONAL,729490,3407538,49619
Dominic Mody,IUCDQ1520B,4079056965,jhagayathri@example.com,Rourkela,1987-09-08,LOA-0211,HOME,3172985,3037939,52181
Neelima Krishnamurthy,LBOTH9878L,3748969083,matthewmital@example.com,Imphal,1998-06-26,LOA-0213,AUTO,2193894,951675,5396
Aadhya Mitra,KCOUZ1343X,0417765612,osha98@example.net,Malda,1991-03-23,LOA-0217,AUTO,3014414,544748,74089
Qarin Sawhney,OTUKF2063H,3829657724,rushil16@example.com,Singrauli,1999-03-13,LOA-0218,BUSINESS,320486,3027419,74616
Ansh Bajaj,DMQSK8931D,9694215291,htalwar@example.org,Jhansi,2002-04-06,LOA-0219,AUTO,3440007,4015333,70903
Kalpit Sankar,URMAL3934A,0443973597,ekiyarao@example.net,Yamunanagar,1991-10-22,LOA-0220,AUTO,1176548,4624668,79042
Girik Baria,PRTJF8573H,4761742243,bosechakradev@example.net,Sasaram,1979-05-01,LOA-0226,AUTO,2634149,4051234,34096
Aachal Bumb,LYLZC8017F,4597794523,hitesh68@example.org,Tenali,1965-10-08,LOA-0227,PERSONAL,602586,1326074,59619
Vansha Sharma,NNXSR6974S,4122031030,rajatayohannan@example.org,Barasat,1994-07-03,LOA-0228,PERSONAL,2776938,2027844,63141
Urmi Edwin,QEILM9341K,1674338005,yahvibalay@example.org,Chinsurah,1965-08-25,LOA-0231,AUTO,4945990,2623242,26881
Jai Kapur,XCXJR7455J,0771199180,jhajanaki@example.org,Mango,1994-02-28,LOA-0232,BUSINESS,2119378,1804762,78460
Advaith Varughese,ZXKBD1155Z,2908466845,netrasehgal@example.net,Tinsukia,1988-02-09,LOA-0234,PERSONAL,1001750,3614884,19555
Yashica Pandya,TKVAD1017V,9989354492,narangzaitra@example.net,Karimnagar,1980-08-16,LOA-0236,PERSONAL,1179306,811023,53629
Imaran Dara,HJHXT5940X,4702296044,dasikshita@example.org,Erode,1981-10-21,LOA-0238,BUSINESS,1349404,4324375,20321
Pranit Bahl,CFZIM4339U,9070562608,contractorhardik@example.net,Baranagar,1966-12-21,LOA-0240,BUSINESS,239560,3090009,45416
Nikita Gara,BTDTY0952G,2654610339,rcontractor@example.org,Madhyamgram,1984-12-21,LOA-0241,HOME,530798,4894948,64973
Anjali Krishna,GSCKV6539I,4161284639,sneha43@example.net,Mau,1969-11-25,LOA-0243,HOME,364832,4803067,16404
Amol Deol,ARLAJ0970S,6811807156,abhiramdash@example.com,Nellore,1980-03-12,LOA-0244,HOME,3542495,4209567,63814
Joshua Lad,MRBSR9384I,8706056641,zansi03@example.org,Bidar,1984-01-23,LOA-0246,AUTO,2317630,4061597,27200
Elijah Sarna,FDCYU1791S,2070496110,gratti@example.net,Muzaffarpur,1998-09-04,LOA-0248,AUTO,4801710,2293928,39721
Rajata Varghese,XJJET5498M,4508920388,saijaggi@example.org,Maheshtala,1990-01-08,LOA-0250,HOME,2536493,352879,39700
Garima Nayak,KGDYC9465F,0337933756,patiladvaith@example.org,Ludhiana,1985-01-15,LOA-0251,AUTO,1251529,916258,78917
Yashodhara Prasad,UTXHS7872E,7496903337,pavani69@example.org,Rohtak,1984-11-09,LOA-0254,HOME,143465,4616691,22701
Jagat Bora,VMRVQ5083T,3928404456,wvala@example.org,Ambattur,1970-08-14,LOA-0256,BUSINESS,4255581,1562895,39941
Nathan Mukherjee,RMAJC9387E,9385977790,chameli69@example.org,Kulti,1968-07-14,LOA-0260,HOME,218146,2827901,40669
Bhavya Bajwa,NIDQP3553Z,9685270171,jeremiahchand@example.org,Noida,1982-12-17,LOA-0267,HOME,3916637,3134192,56505
Unni Mukhopadhyay,LMPTS2336K,3471566277,ydugal@example.com,Eluru,1979-06-10,LOA-0268,HOME,786777,4408269,60556
Zarna Gulati,STGIQ6264Y,6119524364,chatterjeeekaraj@example.net,Loni,1978-12-23,LOA-0271,PERSONAL,3903665,1106829,69272
Kavya Grewal,GHCKN2372L,0234679121,malhotradevansh@example.com,Bhimavaram,1970-12-19,LOA-0272,PERSONAL,3421458,2134541,2395
Robert Dhar,IFYFT8980R,2717833321,robert.dhar11@example.org,Bardhaman,1989-12-08,LOA-0275,HOME,3017305,995167,25392
Lipika Sampath,QMLOG5528Z,8752437729,dayamai81@example.com,Thrissur,1982-06-01,LOA-0277,BUSINESS,3003798,1301252,38129
Yuvraj Mital,CIKFS0848U,9883103032,jagratimall@example.org,Aurangabad,1984-10-29,LOA-0282,AUTO,2408158,511349,74970
Lakshmi Gade,RBSJI6714N,4359892625,farasmadan@example.org,Motihari,1978-07-14,LOA-0283,AUTO,3297356,4399515,43777
Gaurav Patil,RAGYO5423Y,1284971859,bavaonkar@example.com,Bokaro,1975-10-28,LOA-0284,BUSINESS,2121387,1890327,41418
Faraj Khatri,FVSJF1290Z,6827788160,vwarrior@example.com,Dehri,1990-09-25,LOA-0286,PERSONAL,3873085,3112823,14119
Falguni Misra,ULZWA5105G,7318826170,xrana@example.com,Haldia,1999-11-22,LOA-0288,HOME,1694034,984119,64773
Champak Gopal,NSERM0005G,2475541108,kamya34@example.org,Chandigarh,1999-09-03,LOA-0292,AUTO,2724980,3472297,7992
Jai Barman,GEINV9337T,3820236848,sarinekansh@example.com,Loni,2001-08-12,LOA-0293,AUTO,2029536,3186326,76683
Patrick Kunda,UVSYP0891Q,7354396273,fchander@example.org,Udaipur,1996-07-09,LOA-0296,HOME,2041404,570156,21795
Arjun Karan,PSORY6625R,7213145195,dorapranav@example.com,Ghaziabad,1968-08-12,LOA-0299,PERSONAL,4564521,4627521,55914
Xavier Kade,STJYU3021B,5019179202,farajarora@example.net,Jalgaon,1994-04-25,LOA-0302,AUTO,3506004,3850352,76055
Theodore Ramanathan,SDEUP2891P,6205634111,khatribaghyawati@example.org,Amritsar,1969-12-16,LOA-0304,PERSONAL,1537669,693621,67517
Baljiwan Mannan,OFTON2271Z,2889857254,ramwilliam@example.org,Jamnagar,1985-07-30,LOA-0306,BUSINESS,745398,2510516,23292
Gunbir Aurora,FGDUK2481S,1495511274,jatinsura@example.org,Baranagar,1978-04-11,LOA-0307,HOME,757899,4200954,47332
Arin Sampath,JERZF4421T,6834201654,esubramaniam@example.net,Junagadh,1976-03-29,LOA-0310,BUSINESS,818854,2477822,34302
Maanav Naik,JFUHY5027R,4807279103,krishnakalita@example.com,Jhansi,2003-05-23,LOA-0311,HOME,3368386,2656489,49277
Amrita Lalla,ACABJ4630Y,8955296386,sanghvikabir@example.net,Malegaon,1978-05-16,LOA-0314,PERSONAL,3068848,4649132,14198
Chameli Hari,QDRFJ8364O,9117911244,npathak@example.com,Pallavaram,1995-08-20,LOA-0316,AUTO,2351559,4136623,21127
Ethan Sur,UOCZK1366L,0299015579,ethan.sur44@outlook.com,Jorhat,1961-08-25,LOA-0317,AUTO,2211410,2068547,66985
Tarak Patla,IOFUS1305I,4731584776,oscar34@example.com,Ballia,1995-07-14,LOA-0318,BUSINESS,2886839,3186747,45193
Rachita Sehgal,NGMYB6945M,5172084964,hbalan@example.org,Haldia,1995-06-08,LOA-0319,HOME,4118224,2635560,25283
Charvi Maharaj,JXUFN5561D,4771591030,rajata32@example.org,Arrah,1996-07-18,LOA-0322,HOME,3778026,2443863,11064
Charles Lad,EQVSN0104Y,4229712529,vanyasuri@example.com,Karawal Nagar,1970-07-28,LOA-0323,AUTO,2130220,2119647,22203
Chaman Butala,SEEFD5833N,3763715398,gdube@example.org,Muzaffarnagar,2000-12-20,LOA-0324,BUSINESS,4984216,3362196,72040
Sneha Varghese,RBKRT3631K,2711307240,alka18@example.org,Hajipur,1969-12-19,LOA-0325,PERSONAL,1017457,2082312,48531
Anya Kara,GOUSR9666F,2354940128,onkarmurty@example.net,Rourkela,1968-11-16,LOA-0327,HOME,2993796,206046,65277
Parth Lanka,ARTMC5569L,9167954107,nicholas47@example.com,Durg,1961-04-27,LOA-0330,BUSINESS,2775206,563499,41356
Yahvi Parmar,AADBJ7567B,1294398529,ramaswamyjeremiah@example.com,Surendranagar Dudhrej,1996-03-01,LOA-0333,BUSINESS,1647293,1563526,58640
Chatura Chad,MGSKE0415S,0198038287,deepa07@example.net,Raipur,1963-08-04,LOA-0334,HOME,1826245,2334925,10200
Yug Jayaraman,CZDHT1708Z,2384979162,onkarvaidya@example.net,Fatehpur,1981-10-10,LOA-0335,AUTO,4206089,4426794,43078
Harish Tailor,SZGDA5466B,0471960940,liam77@example.com,Kozhikode,1976-05-17,LOA-0336,PERSONAL,3018603,2952663,62012
Krisha Bobal,TGHFO9128D,0344651241,mohini90@example.net,Ballia,1981-05-11,LOA-0340,HOME,4754944,1399769,66178
Inaya Sankar,DBXYZ7430M,0870662668,pillaiindira@example.org,Junagadh,2001-01-11,LOA-0342,HOME,1736856,3220757,75607
Vincent Chanda,VWZYI9036K,0301027240,brindadayal@example.net,Nangloi Jat,1989-07-27,LOA-0343,BUSINESS,3586560,3723298,66054
Ria Setty,RRLYT1070F,4967066703,dwalia@example.net,Patna,1984-06-18,LOA-0345,BUSINESS,4711437,4284951,16838
Atharv Nayar,VUNBB4930Y,1864876998,ikhanna@example.org,Panipat,1964-05-25,LOA-0346,HOME,3666456,859131,34444
Chakrika Nazareth,RXRQQ9609Y,1495427707,varsha83@example.com,Adoni,2001-12-11,LOA-0347,PERSONAL,3783185,984705,33056
Yashica Sawhney,NUKXR1813A,6420595565,dyaljyoti@example.org,Jalgaon,2000-10-03,LOA-0349,HOME,1835961,497929,76720
Jack Khosla,WJGEX7651P,9376392836,bhavini55@example.org,Alappuzha,1979-02-28,LOA-0351,HOME,2194444,1226778,44217
Warda Hora,HAQWJ2702T,1206021288,neelimakhurana@example.net,Kochi,1975-06-15,LOA-0352,BUSINESS,1292622,4843796,37221
Hritik Bath,OCVBS1576W,2298120995,ggoda@example.net,Jalandhar,1970-11-08,LOA-0353,PERSONAL,880935,3379357,69582
Tristan Borde,RDOVG5285R,5061853800,rkannan@example.org,Nandyal,1967-04-19,LOA-0356,AUTO,2933295,4591173,77750
Gopal Kanda,UPQBH1467L,5156274814,nilimabhat@example.net,Bhilwara,1990-05-02,LOA-0358,HOME,3801774,3829551,2088
Zayyan Sabharwal,USKMA4520A,3878753577,sandalfaras@example.com,Ahmedabad,1967-10-07,LOA-0363,AUTO,1111613,3542626,19324
Aadi Naik,ZCBQE1028U,8138666754,kalaojas@example.net,Asansol,1997-08-03,LOA-0367,PERSONAL,1274515,1033117,79276
Deepa Mahal,DKSFK8515D,1121259020,koshydarika@example.net,Mira-Bhayandar,1974-04-18,LOA-0371,BUSINESS,3337042,945762,33599
Aarna Kamdar,HQOLE7401I,9559690515,vnatt@example.net,Gaya,2000-10-24,LOA-0373,PERSONAL,215707,2199369,30277
Naveen Nagar,RDAFP2986Q,6046419785,isaac26@example.net,Vijayawada,1967-04-02,LOA-0378,PERSONAL,2694513,1473424,17655
Madhavi Kumer,OFJWF6091N,4457702992,wsagar@example.org,Miryalaguda,1993-05-16,LOA-0383,PERSONAL,4291032,4755385,23873
Nathaniel Konda,RRAHE7100Y,6481980770,mugdha87@example.com,Vasai-Virar,1967-01-22,LOA-0387,HOME,396651,4637765,56967
Isaac Gara,PYENQ5652G,1773454757,deymanbir@example.net,Indore,1970-05-12,LOA-0388,AUTO,2375476,653364,76912
Kavya Radhakrishnan,LEYAQ7287E,3433249135,viswanathanvedant@example.net,Bharatpur,1989-11-11,LOA-0390,AUTO,2845599,724654,74494
Vansha Shetty,YOEME1805H,1731893974,uchoudhury@example.com,Giridih,1996-02-02,LOA-0392,HOME,1363042,53501,55744
Maanav Mohan,TBKZW5557A,6065274033,nagyprisha@example.com,Proddatur,1985-04-10,LOA-0395,HOME,2447344,780364,7754
Tanveer Thakur,PKUUE7411U,0673499601,raksha41@example.com,Srinagar,1974-11-30,LOA-0396,PERSONAL,4971857,801758,68247
Max Dora,JFCPU9493K,8840215573,trivenipathak@example.com,Rampur,1971-11-14,LOA-0397,AUTO,2768061,3798008,37645
Atharv Walla,WEUUO9028Q,3426433502,sawhneysathvik@example.com,Amroha,1979-12-06,LOA-0400,HOME,2651940,338310,30183
Nakul Saini,VZZQL2282X,2073465495,singhalbakhshi@example.net,Vellore,1962-09-06,LOA-0403,PERSONAL,3975899,854860,20322
Wazir Edwin,EEWMO6509K,7379487148,harita78@example.com,Tiruvottiyur,1994-03-21,LOA-0406,AUTO,1127836,358162,62423
Dev Pau,GODHH6082J,2547681826,anayissac@example.net,Hajipur,1987-01-28,LOA-0407,PERSONAL,3310567,3579117,24650
Nandini Pall,WNIVZ2715O,4116597263,raksha52@example.org,Pune,1965-07-16,LOA-0413,BUSINESS,2985967,4745025,67849
Hemani Chatterjee,LCTXL2959G,7090814415,harishtank@example.org,Pudukkottai,2001-02-11,LOA-0420,PERSONAL,571171,1951386,30679
Zaid Comar,IYEYE2710K,9579927079,ekapad22@example.net,Singrauli,2000-12-21,LOA-0432,AUTO,4680381,3148643,15294
Aarush Sant,YUOHM3301E,7927490728,adyadhawan@example.net,Amravati,1991-07-24,LOA-0436,HOME,549258,849412,45397
Raghav Grover,OLSMA5326G,3645380442,upadmanabhan@example.org,Vijayawada,1990-04-17,LOA-0437,BUSINESS,4896352,4610904,66349
Leena Divan,FDMUR9518E,6342507330,ydhingra@example.com,Shivpuri,2003-12-27,LOA-0442,BUSINESS,3198765,1565171,60428
Arjun Ben,OWOJI3700G,5660847068,joshivictor@example.net,Chennai,1976-01-03,LOA-0446,BUSINESS,4904275,1976708,64424
Mekhala Kala,SRJXG2809Y,3945354614,ljayaraman@example.org,Munger,1996-01-15,LOA-0447,HOME,1108997,3766818,24659
Aadi Balasubramanian,ATCYU9004K,1053365146,mittallucky@example.com,Kurnool,1965-12-05,LOA-0449,PERSONAL,3752343,1693821,21382
Vamakshi Ghosh,DLSJR0113R,9712316600,agill@example.net,Rajkot,2002-11-06,LOA-0450,AUTO,2416940,4359460,62051
Warda Reddy,QIVWP5619D,8205829582,abumb@example.org,Saharsa,1965-03-15,LOA-0452,PERSONAL,986129,4720133,15237
Azaan Merchant,EQCHB1321W,0945653469,azaan.merchant21@yahoo.co.in,Etawah,1961-12-31,LOA-0454,AUTO,3480390,1206723,54654
Dhruv Chahal,GPIHB4576K,9237858471,baralvincent@example.org,Dewas,1966-06-30,LOA-0458,AUTO,571488,4322395,22836
Ekiya Khatri,MVHRA9354R,9639243588,jacobmanne@example.net,Tiruppur,1986-12-14,LOA-0462,PERSONAL,2129523,3124477,66066
Yatan Ramanathan,IVJQM7497E,1686013477,rissac@example.org,Unnao,1986-10-29,LOA-0463,AUTO,2987769,1371651,35903
Max Bajaj,KZYNI8953N,2199471136,oscarkannan@example.com,Delhi,1971-02-21,LOA-0465,PERSONAL,4077015,1109931,24701
Tanay Kata,CJVYN1167W,0843768550,msathe@example.org,Asansol,1991-08-03,LOA-0466,BUSINESS,3025184,3850354,35029
Om Raval,ZRPTS3355O,9709317069,swaminathanrajata@example.net,Khandwa,1964-07-27,LOA-0467,AUTO,4467427,3331556,78609
Ekansh Pandey,KAGJV5348T,0083850765,bhavani50@example.net,Bahraich,1994-01-03,LOA-0473,HOME,2978693,1865317,72075
Aarnav Sinha,XRRSW2024Q,0245109109,gswaminathan@example.com,Tadepalligudem,1997-06-16,LOA-0478,HOME,4298308,1005088,52026
Bhavani Devi,KPXSG1794G,9340652775,zsahota@example.org,Dehri,1969-11-24,LOA-0479,AUTO,3532549,4776503,61974
Rachit Tank,IUVTB7657Q,9202461752,mmall@example.net,Erode,1962-04-29,LOA-0481,AUTO,1856426,1414367,77534
Jalsa Oza,GEXGM9550N,5848689993,tanmayi04@example.com,Vellore,1986-07-25,LOA-0482,PERSONAL,1185535,3638235,58283
Urvi Sahni,ULOCQ7993T,3946408303,sanichampak@example.org,Jorhat,1996-06-20,LOA-0483,BUSINESS,139167,316462,71963
Hemangini Deshpande,SRPNH6969T,4970169342,kotharikevin@example.net,Ahmednagar,2004-07-21,LOA-0491,PERSONAL,502320,906921,4587
Ekbal Rana,KAPNT2341H,6153722155,sachi32@example.org,Nagercoil,1968-11-27,LOA-0492,AUTO,4079524,1284523,28934
Vrishti Suresh,ABDKD4604Y,7843614244,ewagle@example.net,Karnal,1973-12-22,LOA-0493,AUTO,1250611,3513365,15751
Shaurya Chander,FZQYM5391I,0748207365,arunimaacharya@example.com,Raurkela Industrial Township,1993-10-12,LOA-0497,AUTO,2067172,22968,3671
Onveer Prasad,GFWKN0826E,6163248889,tanveersen@example.com,Phagwara,1997-06-13,LOA-0499,PERSONAL,937257,1465504,7170
Tanish Bahri,XIDFL3646H,0381876920,jonathankhosla@example.org,New Delhi,1984-05-08,LOA-0500,PERSONAL,1260936,1430360,45078
Finn Butala,YIPXD3717Y,2556184442,fmani@example.net,Saharanpur,1968-05-14,LOA-0502,HOME,1048387,1111587,9686
Ladli Singh,BCMDA0867Q,3655158482,keernitara@example.org,Sasaram,1970-08-29,LOA-0503,BUSINESS,1620523,3185580,49002
Dayita Garde,TCOED9608A,3699879509,bhatamrita@example.org,Katni,1971-10-04,LOA-0504,BUSINESS,485643,531301,36290
Tanish Chawla,CYSOY4417K,5402635582,singhalkrishna@example.com,Parbhani,1998-08-11,LOA-0506,PERSONAL,197684,1316402,68265
Advaith Goyal,GVXAH3009J,9803657744,kalamanya@example.com,Guntur,1999-08-13,LOA-0509,PERSONAL,3951164,3726126,77108
Deepa Bobal,GISOO1894Z,5092632239,khatrisiya@example.com,Naihati,1979-01-15,LOA-0510,PERSONAL,4272270,149058,15453
Aadhya Bansal,AVCXO4288B,3766608112,christophervenkatesh@example.org,Pali,1978-02-20,LOA-0511,HOME,3926949,2859292,49624
Rishi Oommen,VHIAC4378N,5910157090,mannbhavika@example.net,Pune,1992-01-30,LOA-0513,BUSINESS,1056497,817360,31064
Osha Prashad,VURRW4899D,8428596932,ansh84@example.net,Akola,1999-10-26,LOA-0514,BUSINESS,997258,2133133,27679
Bhavani Aggarwal,SKNBV5612B,6958264186,nbora@example.org,Purnia,1964-12-16,LOA-0516,HOME,2934792,904004,56325
Saanvi Manda,IUZWA6207Q,9250817760,lallarin@example.com,Jabalpur,2003-04-30,LOA-0519,HOME,1176944,868673,52778
Gaurav Deo,WZGDI5523F,0321192061,kevin77@example.net,Gandhinagar,1965-12-20,LOA-0520,AUTO,2567706,3798745,19481
Damyanti Lalla,UDJZS9029G,1644037341,dharubika@example.net,Anand,1968-02-17,LOA-0521,AUTO,4695329,2633274,74559
Neha Dani,FPZHX7706Z,0506821223,ramaswamyjasmit@example.org,Panvel,2004-02-23,LOA-0523,AUTO,3643233,107126,70515
Amruta Raman,GVZKQ3389F,2857256292,hemalwagle@example.net,Kota,1970-06-21,LOA-0528,PERSONAL,3300947,3251044,56600
Jack Nanda,UVECH5130N,8214448896,fdhawan@example.net,Bhusawal,1980-05-22,LOA-0533,PERSONAL,1389357,2706416,8665
Nathaniel Jani,IKXEZ8750H,7225775458,kdubey@example.org,Ajmer,1987-11-08,LOA-0535,BUSINESS,871295,2931004,30992
Vrinda Shroff,CWRNS8889V,8523860030,kbumb@example.net,Pallavaram,1980-11-19,LOA-0539,BUSINESS,2252437,4531839,39070
Nicholas Kade,PKKXU9102L,0143748309,fsinghal@example.org,Tiruchirappalli,1987-06-02,LOA-0540,AUTO,1714910,2686978,69357
Rudra Kala,BYVNI0493A,7481242114,geetikaanand@example.net,Guntur,1967-03-29,LOA-0542,PERSONAL,1824526,4511009,59047
Abhimanyu Kapadia,HBNXZ4030F,5649157955,zayansrinivasan@example.org,Chandrapur,1980-12-13,LOA-0545,BUSINESS,3732477,2654191,4213
Waida Kapur,CRHAY1379M,1661237407,virajghosh@example.com,South Dumdum,1969-11-30,LOA-0550,PERSONAL,4904311,3305796,72405
Sneha Vaidya,AJJVG4217Y,2593648820,mugdha88@example.org,Junagadh,1966-09-07,LOA-0555,BUSINESS,2875378,2995893,18805
Maanav Chatterjee,AHGYO4174U,6648698939,gmuni@example.com,Mysore,1975-01-14,LOA-0558,AUTO,3115587,1126638,45458
Dipta Bawa,UMRLD1192R,5360511716,ajohal@example.com,Bulandshahr,2003-07-29,LOA-0559,AUTO,2662483,4085012,74308
Aditya Sandal,JSLWZ2212C,7746259160,harish15@example.net,Deoghar,1995-09-12,LOA-0562,AUTO,4658951,4527139,63879
Xalak Balan,LHGDT6293K,2210102320,bshenoy@example.com,Ranchi,2000-09-04,LOA-0569,BUSINESS,3164331,4929807,12202
Fiyaz Merchant,SDUPJ3561S,3198074682,rmutti@example.org,Delhi,1969-05-15,LOA-0570,BUSINESS,4144232,55345,67776
Jalsa Nayak,FDSTF8517Q,7469211882,bdevi@example.com,Ujjain,1966-11-01,LOA-0574,HOME,1452631,3446872,4942
Aayush Sule,YTJTU4189S,3298769893,arya71@example.com,Kottayam,2001-05-13,LOA-0578,HOME,3545762,1197156,78368
Nathaniel Jha,CIVXU9209G,7409131117,nathaniel.jha17@yahoo.co.in,Pali,1963-01-04,LOA-0581,PERSONAL,1588325,3991880,7116
Om Bajwa,URSFR6953L,1227595002,indrajit53@example.net,Sri Ganganagar,2003-03-02,LOA-0582,PERSONAL,4544423,3598345,32079
Chakradev Toor,ITONG9411O,9928553595,cbobal@example.org,Morbi,1985-09-08,LOA-0584,PERSONAL,4948507,4383388,17444
Wakeeta Kala,ZLSGD6542I,2902923345,baraloviya@example.net,Raurkela Industrial Township,1971-05-20,LOA-0586,AUTO,3434087,1708706,56162
Akshay Doshi,COYIN1166A,5759887592,kmuni@example.com,Ahmednagar,2002-07-30,LOA-0587,BUSINESS,2228841,2572392,77713
Ekalinga Prashad,ELZGR9289V,0182272002,joshua32@example.net,Allahabad,1971-09-21,LOA-0590,BUSINESS,839377,537545,36483
Benjamin De,DAQZM8165A,5937775691,ekavirbajaj@example.net,Khora ,1964-07-30,LOA-0592,PERSONAL,1570280,4147062,59536
Oliver Setty,IBHFS3226J,3625854218,vchaudhari@example.net,Siliguri,1988-10-08,LOA-0595,HOME,4443140,128903,10993
Patrick Sant,RPRFD8744H,3208652377,rratta@example.com,Maheshtala,1969-03-19,LOA-0600,BUSINESS,3964803,4922657,5584
Lekha Palan,CBAPW6045U,7309649692,parmarlaksh@example.net,Rajahmundry,1974-10-06,LOA-0611,PERSONAL,4315067,2913270,53605
Praneel Pillai,KDARN5128B,3159489895,odika63@example.com,Firozabad,1999-02-13,LOA-0612,PERSONAL,199153,1767919,51732
Harish Krish,CIDSL2109H,0754853465,jeremiahbarad@example.org,Kalyan-Dombivli,1973-11-29,LOA-0614,AUTO,1642779,4183986,57567
Daksha Raj,KDBJV1293W,2137565896,urishilla08@example.com,Chapra,1987-06-15,LOA-0615,HOME,4930938,1917356,15090
Vincent Seshadri,YIBCJ9686Y,2946902177,raghav04@example.org,Howrah,1967-06-18,LOA-0617,BUSINESS,1228030,4336968,71990
Champak Gade,BZVLC2894W,2332829302,nchokshi@example.org,Berhampur,1961-08-08,LOA-0618,PERSONAL,3442037,830260,23409
Zehaan Rege,QBYDX7711A,6279955302,braroscar@example.org,Morbi,1968-02-22,LOA-0619,BUSINESS,2907302,2179101,49312
Chandresh Raju,CJYRE5838O,5812259095,aachal82@example.org,Kulti,1988-03-25,LOA-0621,PERSONAL,3296655,2403533,62784
Yashoda Narayanan,ZKAXN0470R,8519537749,nathanielnadig@example.com,Agartala,1968-10-09,LOA-0624,BUSINESS,3572791,1403566,26102
Oscar Bose,TXIJB5481I,8764019185,ramachandrandayamai@example.com,Mumbai,1962-07-05,LOA-0627,PERSONAL,321164,3330382,70679
Devansh Bath,INYHS4294U,8911797269,gopal28@example.net,Bhubaneswar,1992-12-27,LOA-0629,AUTO,2023977,2075312,39247
Onveer Bhatia,SBKDW0768B,3283896337,ishaan86@example.org,Malda,1965-03-30,LOA-0631,BUSINESS,1233425,4523872,25204
Dalaja Chopra,QGYKM0132O,1883527918,fsubramaniam@example.com,Varanasi,1979-03-23,LOA-0632,BUSINESS,4491099,4477705,42587
Irya Chandra,TNGLK2573K,5394607429,vaishnavi29@example.com,Gudivada,2004-02-16,LOA-0634,HOME,2646554,88548,2012
Lajita Master,SUAYM9804K,0521026270,badamipraneel@example.com,Secunderabad,1983-07-09,LOA-0636,HOME,160548,4598737,50974
Aadi Zacharia,VETQI9830J,9974185630,battaaadi@example.org,Hapur,1992-04-28,LOA-0637,BUSINESS,3411420,2096280,23400
Harsh Parekh,SGJQX3056K,7846790870,oeshibanerjee@example.org,Kurnool,1979-06-15,LOA-0638,AUTO,764459,3542000,33399
Warinder Kale,FTEYT4704I,5593965213,sureshfinn@example.org,Thoothukudi,1992-09-11,LOA-0640,AUTO,4227161,1575292,44027
Raksha Wadhwa,WLTSZ4171K,3449305378,jeetwagle@example.org,Gwalior,1999-01-31,LOA-0643,PERSONAL,1364026,123520,66694
Falak Kara,GKGWB7801R,3446717762,mukherjeeudarsh@example.org,Bhavnagar,1986-06-29,LOA-0645,AUTO,772960,1225473,9345
Siya Bumb,HTQVZ7059G,3672868112,radha81@example.org,Phagwara,2004-01-09,LOA-0648,HOME,3965761,788196,70306
Advay Bajaj,CDKDX9921U,8669335158,nagarrobert@example.org,Jaipur,1993-06-19,LOA-0649,AUTO,1430529,353881,74034
Jairaj Khosla,IIKET9103I,5136090858,manderfalak@example.org,Dewas,1969-12-20,LOA-0650,BUSINESS,2822216,126397,23936
Wriddhish Sura,YHGYS9255P,9028377270,aradhakrishnan@example.org,Kulti,1973-08-12,LOA-0652,PERSONAL,2186433,1322870,67525
Tanish Ravel,QGOTA4770M,9153860282,ojas04@example.org,Muzaffarpur,1999-12-28,LOA-0656,HOME,4660219,2916422,44425
Krish Amble,DTSFS4410L,1932453810,hardik22@example.com,Bhopal,1986-06-24,LOA-0657,HOME,677778,4455503,22319
Niharika Jayaraman,FTYJL2251S,4326118900,schaudhary@example.com,Dhanbad,1981-07-12,LOA-0658,PERSONAL,3154084,2003086,44034
Mohini Sen,CMVXY2020P,6219536890,bmunshi@example.org,Shimla,1971-05-06,LOA-0659,HOME,2475058,2706165,55713
Yasti Kashyap,HKCFS7819N,1640069836,victor48@example.com,Gopalpur,1980-05-23,LOA-0664,AUTO,1951556,594533,3715
Yamini Dugar,AURBL1398J,2123720550,bailandrew@example.net,Kulti,1995-07-16,LOA-0665,PERSONAL,2329823,4437748,7328
Janani Jani,ABCUY5346K,4946672010,dewangavin@example.net,Durgapur,1989-05-08,LOA-0668,AUTO,3948027,3582564,15644
Hardik Shukla,OWYJW8601W,8419478550,ooak@example.com,Jamshedpur,1961-08-18,LOA-0677,AUTO,413495,4834218,52010
Utkarsh Baria,ALZSJ7681A,5780024432,jairajraman@example.net,Yamunanagar,1987-02-22,LOA-0679,PERSONAL,2001845,95918,52133
Mitali Sodhi,EBNSH0675P,2150164261,rudrapatla@example.org,Sangli-Miraj & Kupwad,1973-01-17,LOA-0680,HOME,1385113,423790,53495
Jason Pathak,PWOEQ6478U,3175438027,tripti26@example.org,Phusro,1968-03-27,LOA-0684,HOME,4134270,4691716,27966
Manbir Seshadri,CCABQ2884I,7632716966,ishitadass@example.org,Dibrugarh,1997-05-31,LOA-0685,HOME,2132686,600993,36898
Niharika Balan,LROLD4886S,5340508927,narangshivani@example.com,Bangalore,1974-06-18,LOA-0686,AUTO,1697943,2690548,47157
Jai Swamy,XSKNI1620X,4486983052,johalpraneel@example.org,Bokaro,1993-07-01,LOA-0688,AUTO,215203,2879568,16585
Girish Lata,EDBIB2647E,7031637050,sathvikgoyal@example.com,South Dumdum,1971-10-20,LOA-0689,PERSONAL,2883983,1753299,72517
Krisha Kapur,RYCBP1729J,8390654025,ikbal93@example.net,Warangal,1980-12-18,LOA-0690,PERSONAL,2242923,1428744,9878
Reyansh Gaba,LBIAZ4362I,5983124412,maya59@example.net,Pimpri-Chinchwad,1965-10-27,LOA-0694,AUTO,2898184,4109854,53563
Watika Ratti,TLXRK3177E,6294193759,meghanasekhon@example.org,Salem,1981-10-29,LOA-0695,AUTO,3347822,247177,74737
