name,pan_like_id,mobile,email,city,dob,source_customer_id,schemes_held,aum
Aryan Maharaj,RVIFL3321B,0133890838,hemangini94@example.org,Bhatpara,1970-02-09,MF-DEMO-s1,1,1173556
Chaaya Pathak,,6475255341,nihalshere@example.com,Proddatur,1970-04-19,MF-DEMO-s2,2,2496705
Aadi Naik,ZTPDP7015K,1718227824,saimuni@example.com,Bahraich,2000-03-20,MF-DEMO-s4,4,300000
Unni Bhagat,ZGPMM1065I,2624731781,khalsaojas@example.com,Ongole,1970-01-15,MF-DEMO-s5,7,240000
Daniel Gala,YYDSB6064S,2343098050,daksheshtrivedi@example.org,Coimbatore,1986-10-25,MF-0001,6,448700
Bhavani Dugar,ZPHAQ7849J,1241182449,yashasvi74@example.org,Bhusawal,1997-02-15,MF-0003,2,212201
Aarush Nath,JTBJA2427H,2805982620,shivansh31@example.com,Udupi,1993-08-11,MF-0004,4,443630
Indali Upadhyay,HQLLQ6850C,9655698169,hagarwal@example.net,Bharatpur,1979-08-12,MF-0006,3,1958859
Dipta Dash,UZSSJ4846I,6629946804,udyati77@example.net,Sasaram,1981-06-15,MF-0007,1,1343105
Patrick Vasa,HDIZD7083Q,7986872774,rkhare@example.com,Baranagar,1970-12-14,MF-0009,5,2471931
Zayyan Bumb,WOPEX7080P,0330923271,jyoti29@example.net,Ujjain,2003-01-31,MF-0012,2,2879300
Amrita Naidu,PWDKN3147Q,5075273545,varugheserayaan@example.org,Vellore,1982-02-17,MF-0014,5,2699948
Harish Hari,TATII4352R,0842710947,charankrishnan@example.com,Amritsar,1978-04-07,MF-0016,2,379256
Naksh Agate,SCOST6797S,1349361832,gandhidamyanti@example.net,Bahraich,1966-02-08,MF-0018,6,1857524
Raksha Buch,MQBFO9065R,4902787429,apall@example.com,Vasai-Virar,1998-05-17,MF-0019,1,317766
Nisha Tandon,DFUQU4680H,8087603859,amaradeep@example.com,Shivpuri,1965-12-23,MF-0020,6,317197
Nikita Chander,PJFTS3171G,6773782639,oeshi58@example.com,Ichalkaranji,1992-07-31,MF-0021,4,2003792
Manthan Sekhon,JWIYD8755U,3963605766,yadavinarula@example.org,Salem,1983-10-11,MF-0022,2,2783973
Daksh Memon,PHAKR5562Y,2219693792,qkumer@example.org,Tumkur,1990-06-13,MF-0024,4,817793
Ethan Sathe,SQDTM5946Y,1369594406,tanejabhavini@example.org,Muzaffarnagar,1988-08-24,MF-0025,2,1878625
Suhani Pillay,GROEB4965N,9317461200,keerkrishna@example.com,Uluberia,1990-02-19,MF-0027,7,2056926
Mohammed Sachdeva,RCSXN1796C,3515850643,anshbedi@example.com,Cuttack,1995-04-06,MF-0028,1,710538
Abeer Golla,JVOBF2961V,6675254599,chandranbumb@example.com,Khandwa,1982-01-02,MF-0033,4,2448162
Oeshi Mahajan,BHSRR3815L,8403690034,falak10@example.com,Akola,1966-04-27,MF-0034,7,568943
Xiti Pandya,BDEUK1606B,6416052975,rajatarattan@example.net,Tenali,1998-12-09,MF-0035,5,575563
Timothy Nath,HGMXW2181W,3124329212,onaidu@example.com,Gandhidham,1963-08-22,MF-0036,3,1857879
Balveer Kota,NKXXS7788Y,5905151864,finn92@example.com,Katni,1966-04-23,MF-0038,4,1458144
Saumya Ahluwalia,JJUMH1043B,4341036971,varmawyatt@example.net,Jalna,1979-07-10,MF-0042,1,1568604
Wridesh Saha,EHIGY2185G,6706540515,kiaan05@example.net,Akola,1997-03-04,MF-0043,5,1549459
Chakradev Rattan,XJSEY0983G,8499121655,yashodhararatti@example.net,Ranchi,1962-05-07,MF-0052,2,2806014
Azad Choudhary,AJASN3075A,0283857865,irya49@example.com,Shahjahanpur,1972-11-28,MF-0054,7,2860877
Sarthak Suresh,YURSH5758K,6524041574,anita21@example.net,Latur,1962-11-13,MF-0055,1,1294543
Odika Narayanan,JKAPE7120E,4540193802,ltandon@example.net,Agra,1961-01-15,MF-0056,6,411694
Ojasvi Sinha,YFHCH8339T,1910883982,rdada@example.org,Mysore,2000-03-09,MF-0059,4,638959
Christopher Setty,KDJDR2867Z,0640391065,sodhiazad@example.com,Bokaro,1994-06-21,MF-0060,8,230631
Krishna Prashad,HLIZH1825I,0047868633,ranbir10@example.net,Srikakulam,1994-05-05,MF-0061,3,1968854
Krishna Baral,NENVT1398A,3173936385,darika45@example.net,Kirari Suleman Nagar,1964-12-21,MF-0064,3,2982936
Qarin Bhargava,WAAIO8010O,2038750997,barora@example.net,Jorhat,2003-08-24,MF-0066,4,2067782
Jalsa Chhabra,XWRGI1047F,6788861015,lekha04@example.com,Guwahati,1992-07-11,MF-0070,6,1435579
Ekapad Rege,QQJTB7243Y,1797968868,choprayuvraj@example.net,Rourkela,1989-02-06,MF-0073,4,105479
Mugdha Narula,QOGVH6101J,7567982507,dalialucky@example.com,Tiruvottiyur,1980-09-01,MF-0074,8,2827913
Vrinda Ganesh,SCROI1903S,7978819148,bkamdar@example.org,Bihar Sharif,1999-02-16,MF-0078,3,1846565
Aradhana Date,PWRZF2325J,6671168457,chandertara@example.net,Rajkot,1995-08-24,MF-0080,5,1910800
Charles Randhawa,TGANE4361E,9387005162,uchakraborty@example.org,Satara,1976-10-22,MF-0082,4,1508243
Laksh Raja,KANPK2218C,3269731121,ymurty@example.org,Bally,1988-12-30,MF-0083,8,2348577
Christopher Tata,QXGKR9252U,3800030756,ukapur@example.org,Imphal,1972-07-27,MF-0087,3,823381
Arjun Kaul,AWQYV8505U,1383670241,dpradhan@example.net,Amaravati,1964-11-03,MF-0089,5,2945180
Radhika De,ZZSVU3445U,4313291212,idara@example.com,Bidhannagar,1974-03-14,MF-0090,2,1700688
Kashish Chad,BEMPC9941Z,1510702966,wgera@example.org,Panipat,1972-12-12,MF-0092,2,2360727
Bakhshi Korpal,EDFRY4768I,3838065787,lipika42@example.org,Kavali,1970-04-09,MF-0093,8,1876906
Aadi Narula,TLZUD9325B,9218515691,nakulsarkar@example.net,Ratlam,1968-04-19,MF-0095,2,676545
Girik Nigam,BPKMB9970K,1533688444,jswaminathan@example.org,Delhi,1979-06-14,MF-0098,4,1803162
Varsha Iyengar,OSFEH1032T,7741862565,ria74@example.org,Phusro,1963-05-07,MF-0099,5,2515795
Frederick Padmanabhan,JDYHA8693I,9374160898,senoscar@example.org,Nellore,1966-03-09,MF-0100,8,1856093
Daksh Varma,ZIXHK2148B,3303070534,rdasgupta@example.org,Serampore,1982-02-21,MF-0103,5,781220
Anvi Sampath,NDTRH6574N,9108589944,aradhana54@example.com,Maheshtala,1967-03-26,MF-0105,1,2778427
Yamini Gara,OQXIN1506D,1001676184,mitraosha@example.net,Saharsa,1972-07-06,MF-0110,5,2154363
Ishaan Rattan,SEZAP6746Z,1202169797,ayush27@example.com,Bulandshahr,1980-01-10,MF-0113,7,203070
Kritika Rau,ZKCFF3177C,1701660880,yashoda83@example.net,Mau,1976-08-15,MF-0115,7,2766351
Agastya Krishnamurthy,OTTPX3973W,3472122816,kalpit29@example.com,Bathinda,1981-02-25,MF-0120,3,732963
Vaishnavi Andra,PNNPC1573R,6164840858,minhasreyansh@example.com,Jalandhar,1968-01-01,MF-0122,3,993868
Dominic Kade,ISVXB3613P,2075011024,aarnareddy@example.com,Machilipatnam,1979-09-09,MF-0123,5,2699903
Dev Bath,SYRTM1581F,7660728326,kashvi08@example.net,Amravati,1962-06-22,MF-0124,4,1619557
Shravya Narasimhan,KKXZU9492B,0533645257,vidhi81@example.org,Parbhani,1998-06-02,MF-0126,4,2690168
Ronith Lall,OBLLZ1108X,0848872563,gthaker@example.org,Bharatpur,1982-09-24,MF-0127,1,1315758
Adya Ghosh,PEHQY6659O,5577908272,siddharth22@example.org,Madanapalle,1992-03-12,MF-0129,5,710149
Warda Sarna,MCYMG0384H,9205302146,zarnaaurora@example.net,Mysore,1984-10-25,MF-0135,2,2072470
Vasatika Dada,RSOZU4163A,8804341651,irya39@example.com,Jhansi,1982-08-04,MF-0137,2,2799853
Vanya Zachariah,RXLDH0856S,5003691559,warjas47@example.net,Ambarnath,1968-09-22,MF-0139,4,307771
Janya Rattan,IKROG4729U,3866322702,vidhi44@example.net,Sikar,1964-12-27,MF-0140,3,2519728
Aditya Sani,JXMAJ4930B,3266341638,nitara31@example.org,Ramagundam,1965-06-28,MF-0145,7,2897701
Upma Golla,HXTPY3460X,3037183764,kulkarnivasana@example.net,Davanagere,1976-06-29,MF-0147,5,2638577
Idika Sarna,UIQCF3065T,8487392855,ekapadwali@example.org,Sagar,1996-09-08,MF-0149,6,1922112
Naksh Badami,PGRZD5554O,6084325621,omishakhosla@example.net,Purnia,2003-05-04,MF-0159,2,2245005
Balendra Chander,EWBJE4556S,2145868339,sulebhavna@example.com,Rampur,1983-10-02,MF-0166,6,322306
Abeer Comar,NBLMV5569V,7027278576,anirudh39@example.net,Raichur,1963-07-20,MF-0168,8,2912434
Xiti Dube,TXUJX3578G,3076810409,chauhandevika@example.org,Bhagalpur,1974-10-02,MF-0170,2,2245517
Bhavini Malhotra,RJKRH8571A,3858542493,sachi02@example.org,Dhanbad,1965-04-18,MF-0171,3,1010983
Praneel Sehgal,MTWQZ9545I,7921717477,januja62@example.net,Anantapur,1980-07-30,MF-0172,8,1965960
Eesha Raja,NQLEI6668M,5624220102,devanojasvi@example.com,Bokaro,1980-08-17,MF-0176,6,2557578
Upkaar Grewal,FUPTG6909R,8950097519,udyati81@example.net,Sambalpur,1981-06-03,MF-0177,2,1460482
Advay Singh,UVAWZ7879S,2094940792,mangatvedhika@example.org,Dibrugarh,1964-01-07,MF-0178,8,2218102
Aadhya Raman,HVRSL7393U,0106181753,bajwageorge@example.org,Khora ,1988-09-16,MF-0181,7,560862
Vyanjana Chopra,NPGCT2863Q,0119470720,forumraman@example.net,Kottayam,1991-10-08,MF-0183,4,970190
Vanya Sarin,AYSXE6183H,5460158517,rajagopalanrayaan@example.com,Aligarh,1988-05-19,MF-0184,2,1260641
Ekanta Kala,EHRJW0925A,5827390219,abuch@example.org,Hubli–Dharwad,1991-09-25,MF-0187,5,1902940
Omaja Soni,HCAPL2324N,9279145608,pathakyashica@example.org,Dhule,1972-10-18,MF-0188,8,1956426
Isaiah Dixit,QCDPX7722S,6459701082,bobalwahab@example.net,Guntakal,1986-02-22,MF-0189,6,2345912
Rushil Nanda,GPVAM3153Y,1797062397,tanvihari@example.net,Gopalpur,1969-07-13,MF-0190,3,1854892
Laban Choudhry,WVOSM7762K,9831687397,pkoshy@example.com,Adoni,1970-06-03,MF-0191,8,1486266
Siya Pillai,FZLSE1371G,4127238046,osha70@example.com,Rajkot,1961-08-09,MF-0195,8,2600957
Zinal Nayak,FLQSH6955J,7492424375,bhavani72@example.net,Jorhat,1973-03-09,MF-0196,7,486351
Mitesh Edwin,KICQX3105L,8055257828,xtata@example.org,Imphal,1967-07-02,MF-0197,2,220275
Anjali Patel,SHOEG6504M,1928554451,agastyadevan@example.net,Serampore,1994-11-26,MF-0202,3,585612
Pratyush Pant,OAHWU6638H,1827548015,tanmayi94@example.net,Kamarhati,1985-01-02,MF-0206,2,1800480
Dominic Mody,IUCDQ1520B,4079056965,jhagayathri@example.com,Rourkela,1987-09-08,MF-0211,8,165957
Rajata Jaggi,SQDTK7183Z,9191954198,faraj48@example.com,Panvel,1974-06-03,MF-0212,6,1882016
Daksh Swaminathan,IBERP8515R,5754090034,jairaj83@example.com,Bangalore,2000-08-31,MF-0216,3,330596
Qarin Sawhney,OTUKF2063H,3829657724,rushil16@example.com,Singrauli,1999-03-13,MF-0218,4,529031
Kalpit Sankar,URMAL3934A,0443973597,ekiyarao@example.net,Yamunanagar,1991-10-22,MF-0220,8,1973846
Elijah Chandran,PEWMQ8005Z,0489646528,omkaar87@example.com,Mira-Bhayandar,1964-07-30,MF-0221,7,2129163
Rajata D’Alia,TJFDF7075H,1513422849,vorapranit@example.com,Shahjahanpur,1994-06-09,MF-0223,6,2995154
Jairaj Ramesh,JBFDT5915Q,7490509759,ekantika01@example.net,Tiruchirappalli,1978-03-09,MF-0224,2,2127944
Wriddhish Rastogi,YXZSP1032W,1476492515,erama@example.com,Mysore,1993-12-02,MF-0225,6,2383985
Aachal Bumb,LYLZC8017F,4597794523,hitesh68@example.org,Tenali,1965-10-08,MF-0227,4,1446871
Vansha Sharma,NNXSR6974S,4122031030,rajatayohannan@example.org,Barasat,1994-07-03,MF-0228,6,1468589
Urmi Edwin,QEILM9341K,1674338005,yahvibalay@example.org,Chinsurah,1965-08-25,MF-0231,3,2109877
Charvi Chad,UUVIH0856I,3188485200,dakshasami@example.net,Allahabad,1997-08-31,MF-0235,5,328414
Anjali Krishna,GSCKV6539I,4161284639,sneha43@example.net,Mau,1969-11-25,MF-0243,4,99429
Anmol Mand,OTZTO5319O,5047930361,jgarde@example.org,Amritsar,1986-07-07,MF-0245,6,2797580
Joshua Lad,MRBSR9384I,8706056641,zansi03@example.org,Bidar,1984-01-23,MF-0246,6,2311235
Elijah Sarna,FDCYU1791S,2070496110,gratti@example.net,Muzaffarpur,1998-09-04,MF-0248,6,2032441
Frado Merchant,LCDGN7853V,7766575460,faqid51@example.com,Bally,2001-05-28,MF-0255,6,1217118
Jagat Bora,VMRVQ5083T,3928404456,wvala@example.org,Ambattur,1970-08-14,MF-0256,7,757311
Chandani Nanda,IJVKO9090Z,6361863715,garghemang@example.net,Patna,1996-12-31,MF-0258,8,1164361
Robert Ranganathan,TIUQV0041D,7118372742,goelchaitaly@example.org,Gulbarga,1964-01-18,MF-0262,4,1893744
Jyoti Bassi,XMFGT1364I,4195625257,graja@example.net,Ambala,1986-06-26,MF-0265,5,2915287
Lekha Gaba,GTFOS3645X,6633705024,yug99@example.net,Ahmedabad,1965-10-08,MF-0270,6,2202470
Aarush Shan,HHRSW6209P,7978630505,vedhikaratta@example.net,Karnal,1979-06-19,MF-0274,7,1590602
Laban Warrior,KXMEP7153V,6863341411,jackpillai@example.org,Nadiad,1986-01-07,MF-0276,1,1271425
Riya Subramanian,ZVMVP4233A,9126620157,radha26@example.org,Kochi,1971-03-26,MF-0279,1,1892509
Gaurav Sheth,AHHFH6475F,0999741926,hardiknanda@example.org,Machilipatnam,1996-05-26,MF-0280,8,1002890
Meera Yadav,LITYP8718H,1292087510,gagankunda@example.org,Amravati,1982-11-27,MF-0281,5,620877
Lakshmi Gade,RBSJI6714N,4359892625,farasmadan@example.org,Motihari,1978-07-14,MF-0283,8,216646
Gaurav Patil,RAGYO5423Y,1284971859,bavaonkar@example.com,Bokaro,1975-10-28,MF-0284,3,1962068
Faraj Khatri,FVSJF1290Z,6827788160,vwarrior@example.com,Dehri,1990-09-25,MF-0286,4,1405223
Parth Borde,DBFYK5285X,5381447443,dalajavarma@example.org,Tadipatri,1997-12-17,MF-0287,7,2845584
Falguni Misra,ULZWA5105G,7318826170,xrana@example.com,Haldia,1999-11-22,MF-0288,5,84314
Hemangini Tella,BMVAB0305E,4716392823,pushtiissac@example.com,Ambala,1987-07-10,MF-0290,5,1616611
Jai Barman,GEINV9337T,3820236848,sarinekansh@example.com,Loni,2001-08-12,MF-0293,4,2114222
Bimala Bath,FRIGE9036K,8686694320,varghesetamanna@example.net,Avadi,1998-02-22,MF-0294,3,2312381
Udarsh Bath,OJRIR8340Y,3381059551,umenon@example.org,Raurkela Industrial Township,1970-04-14,MF-0295,1,331764
Ranbir Swaminathan,KLZRM2404M,2163761820,hbail@example.org,Mira-Bhayandar,1971-07-25,MF-0297,8,1585317
Leela Sahota,FIIOY8788F,8931350305,bhasinikshita@example.com,Durg,1980-11-21,MF-0301,5,1506633
Dayamai Guha,RFKKC8303K,0051405468,kai15@example.com,Ambala,1996-03-01,MF-0305,8,1157055
Gunbir Aurora,FGDUK2481S,1495511274,jatinsura@example.org,Baranagar,1978-04-11,MF-0307,6,1629967
Vihaan Chaudhary,YZWOQ2819J,5311060920,vbakshi@example.net,Malda,1988-07-20,MF-0315,4,2418975
Chameli Hari,QDRFJ8364O,9117911244,npathak@example.com,Pallavaram,1995-08-20,MF-0316,3,1147927
Tarak Patla,IOFUS1305I,4731584776,oscar34@example.com,Ballia,1995-07-14,MF-0318,5,48384
Charles Lad,EQVSN0104Y,4229712529,vanyasuri@example.com,Karawal Nagar,1970-07-28,MF-0323,7,1601214
Sneha Varghese,RBKRT3631K,2711307240,alka18@example.org,Chinsurah,1969-12-19,MF-0325,7,1410817
Anya Kara,GOUSR9666F,2354940128,onkarmurty@example.net,Rourkela,1968-11-16,MF-0327,8,2870262
Aarini Sur,WTTVH4570X,1480263257,nparsa@example.net,Jammu,2001-02-21,MF-0329,6,1929803
Pahal Rastogi,TLKBR1449U,3426834414,keyasarkar@example.org,Hajipur,1980-01-29,MF-0332,3,2334879
Yahvi Parmar,AADBJ7567B,1294398529,ramaswamyjeremiah@example.com,Surendranagar Dudhrej,1996-03-01,MF-0333,7,142441
Chatura Chad,MGSKE0415S,0198038287,deepa07@example.net,Raipur,1963-08-04,MF-0334,7,38664
Yug Jayaraman,CZDHT1708Z,2384979162,onkarvaidya@example.net,Fatehpur,1981-10-10,MF-0335,8,497961
Xalak Soni,LUYWA5331E,9410175902,odeol@example.net,Thiruvananthapuram,1971-09-29,MF-0338,6,2928483
Krisha Bobal,TGHFO9128D,0344651241,mohini90@example.net,Ballia,1981-05-11,MF-0340,3,2061242
Yasti Trivedi,LCQUJ9536Y,1398986818,rnadig@example.org,Latur,1975-02-05,MF-0350,5,1233551
Hritik Bath,OCVBS1576W,2298120995,ggoda@example.net,Jalandhar,1970-11-08,MF-0353,6,1927131
Tristan Borde,RDOVG5285R,5061853800,rkannan@example.org,Nandyal,1967-04-19,MF-0356,5,1374194
Mohini Lad,VOCTC0473A,9283199529,xchana@example.net,Nagercoil,1994-05-17,MF-0359,5,686799
Krishna Gala,ALJEE8705A,3318751097,upkaar50@example.org,Anantapuram,1996-09-30,MF-0365,3,306939
Aadi Naik,ZCBQE1028U,8138666754,kalaojas@example.net,Asansol,1997-08-03,MF-0367,7,1494447
Vrishti Krishna,LBXDX1865Q,6398365203,abdulmukherjee@example.com,Arrah,2000-12-05,MF-0368,5,2723734
Anjali Bandi,STQRO4760D,7977278105,karanbutala@example.com,Pimpri-Chinchwad,1980-02-22,MF-0369,5,2916066
Deepa Mahal,DKSFK8515D,1121259020,koshydarika@example.net,Mira-Bhayandar,1974-04-18,MF-0371,1,1023869
Logan Mutti,MLSQS6334C,1759558720,radhapalan@example.net,Dhule,1975-09-10,MF-0372,7,1552650
Aarna Kamdar,HQOLE7401I,9559690515,vnatt@example.net,Gaya,2000-10-24,MF-0373,1,2483581
Liam De,YXJZW5014D,2702324412,kondamitesh@example.net,Kolkata,1981-08-21,MF-0375,5,351440
Harish Sinha,QYDTP8637W,6252654696,obala@example.net,Noida,1976-11-16,MF-0376,6,1658846
Faras Karpe,NTBFV2730Y,6244670462,shrofffitan@example.com,Machilipatnam,1995-12-28,MF-0377,4,381602
Aarna Hora,DDSCH8976F,5095465408,omisha07@example.com,Vadodara,1986-11-06,MF-0379,1,707163
Peter Ratta,WDPLR4085G,9666309329,ubajaj@example.net,Rourkela,1985-09-07,MF-0385,1,204708
Gavin Prabhakar,GMKDX0968U,2735241039,ykhurana@example.org,Orai,1988-11-08,MF-0386,1,1998724
Nathaniel Konda,RRAHE7100Y,6481980770,mugdha87@example.com,Vasai-Virar,1967-01-22,MF-0387,4,1369735
Anika Tailor,GSPTQ2587I,5488471270,lgade@example.org,Avadi,1964-10-17,MF-0393,6,2687333
Tanveer Thakur,PKUUE7411U,0673499601,raksha41@example.com,Srinagar,1974-11-30,MF-0396,1,1844450
Max Dora,JFCPU9493K,8840215573,trivenipathak@example.com,Rampur,1971-11-14,MF-0397,5,1341243
Ganga Bora,HXSVB2957B,9409600356,tanvi39@example.com,Maheshtala,1994-08-24,MF-0399,8,1337151
Atharv Walla,WEUUO9028Q,3426433502,sawhneysathvik@example.com,Amroha,1979-12-06,MF-0400,2,399252
Samesh Rai,GLUHH9112K,1795563318,shanamol@example.org,Bidar,1978-04-01,MF-0401,4,1512093
Nakul Saini,VZZQL2282X,2073465495,singhalbakhshi@example.net,Vellore,1962-09-06,MF-0403,2,70150
Omkaar Dugar,FAEHE1053D,8729047742,sridharwaida@example.net,Cuttack,1970-04-14,MF-0404,3,851030
Wazir Edwin,EEWMO6509K,7379487148,harita78@example.com,Tiruvottiyur,1994-03-21,MF-0406,1,724597
Krish Nagy,GYGTE3892I,1935837490,esarin@example.org,Karaikudi,1980-05-14,MF-0416,4,2775089
Devansh Wagle,MXWLL6233B,1511696667,mukhopadhyayisha@example.org,Nizamabad,1982-08-15,MF-0418,6,2946057
Hemani Chatterjee,LCTXL2959G,7090814415,harishtank@example.org,Pudukkottai,2001-02-11,MF-0420,5,756338
Fitan Swaminathan,JENYT0715F,0803149982,battachavvi@example.com,Nagercoil,2003-01-22,MF-0422,3,1377229
Aarna Sami,ASAAA9434Y,3749060723,vrindabhavsar@example.org,Rourkela,2002-02-24,MF-0424,6,324219
Mitali Mane,QGWHZ8449M,8732807711,fiyazbir@example.org,Tadepalligudem,1976-12-14,MF-0425,7,2701275
Shivansh Nadkarni,VQLWD0902M,6624813235,korpalbhavna@example.net,Asansol,1984-09-15,MF-0426,4,2811442
Dakshesh Choudhury,BNUKU1688U,0213060906,borahanmol@example.net,Aurangabad,1989-01-02,MF-0427,1,783706
Lila Sengupta,WODEJ3794D,3242642506,troy@example.net,Rewa,1966-02-19,MF-0428,3,1409021
Omisha Sharma,XVUQZ7767I,3339395786,edhaliwal@example.org,Dewas,2000-06-10,MF-0429,6,1893301
Charan Iyengar,QYHBL3582C,3692492693,vkorpal@example.org,Satna,1987-06-29,MF-0430,2,1490024
Zaid Comar,IYEYE2710K,9579927079,ekapad22@example.net,Singrauli,2000-12-21,MF-0432,8,1608435
Ronith Nagi,ZFBNL4159A,5438480752,saumya65@example.org,Berhampore,1989-08-25,MF-0433,2,160143
Kabir Chhabra,EJKZP3125X,1005912975,dewanryan@example.net,Gaya,1964-09-01,MF-0435,2,1437467
Rachita Saran,GEUTE2705M,2387367042,mdara@example.org,Mau,1992-07-10,MF-0440,5,363664
Ryan Misra,DDPOO3945K,3804032537,fgandhi@example.com,Kulti,1964-01-20,MF-0448,4,549262
Abdul Ram,LOVRL2604F,7112229907,vohrajyoti@example.net,Gurgaon,1981-06-23,MF-0457,6,1150029
Dhruv Chahal,GPIHB4576K,9237858471,baralvincent@example.org,Dewas,1966-06-30,MF-0458,8,2186363
Nitesh Koshy,ADWBC6534U,0356793279,bhavnatank@example.org,Ghaziabad,1961-12-29,MF-0460,1,1066438
Yatan Ramanathan,IVJQM7497E,1686013477,rissac@example.org,Unnao,1986-10-29,MF-0463,2,1215667
Jagdish Dey,CERGJ2150I,2163090015,okhosla@example.org,Suryapet,1976-03-10,MF-0464,4,948413
Max Bajaj,KZYNI8953N,2199471136,oscarkannan@example.com,Delhi,1971-02-21,MF-0465,7,2172857
Tanay Kata,CJVYN1167W,0843768550,msathe@example.org,Asansol,1991-08-03,MF-0466,5,1797574
Veer Rout,OFNDK4281P,4876230391,jeetshere@example.net,Mangalore,1967-05-10,MF-0469,5,2706849
Lucky Babu,ZDTDX3747N,2603214505,menonisha@example.net,Thane,2001-09-23,MF-0472,8,1259855
Aadi Bhatti,YEODK2047R,1175957498,zinalmallick@example.net,Kamarhati,1996-06-28,MF-0475,2,952198
Manthan Dubey,HJGCI0109J,4559376618,xbandi@example.org,Nellore,1975-10-26,MF-0480,6,2666743
Janaki Chatterjee,OEEJH4488A,1421751887,fiyaz51@example.com,Munger,1996-02-15,MF-0485,4,2928853
Andrew Chadha,KHSIM1225E,0566186323,karanwarda@example.net,Munger,1974-10-24,MF-0486,5,720533
Aishani Nath,NLZFO5129D,4881898484,osha15@example.com,Durgapur,1963-08-29,MF-0489,7,100214
Upasna Patel,KLJYP6814F,2291073228,raghav78@example.org,Chinsurah,1969-12-02,MF-0490,1,2493351
Watika Wadhwa,XSXJA0205K,0732146449,gopal67@example.net,Sambalpur,1974-12-03,MF-0495,7,1258792
Onveer Prasad,GFWKN0826E,6163248889,tanveersen@example.com,Phagwara,1997-06-13,MF-0499,5,1967320
Aashi Lal,CBFNI5822Z,1829716815,ayushman00@example.org,Ludhiana,1964-04-25,MF-0501,8,1160150
Dayita Garde,TCOED9608A,3699879509,bhatamrita@example.org,Katni,1971-10-04,MF-0504,2,1745051
Tanish Chawla,CYSOY4417K,5402635582,singhalkrishna@example.com,Parbhani,1998-08-11,MF-0506,7,643501
Unnati Dasgupta,PLFOR8093M,3265306011,lopa17@example.net,Suryapet,1992-04-29,MF-0508,5,231186
Advaith Goyal,GVXAH3009J,9803657744,kalamanya@example.com,Guntur,1999-08-13,MF-0509,8,389182
Tamanna Bora,XNQVW5312D,8826917768,bina01@example.org,Begusarai,1960-11-07,MF-0512,8,1412394
Finn Hans,EYHDN9500P,1491507628,ddhawan@example.net,Muzaffarnagar,1988-09-07,MF-0518,1,2340399
Falan Atwal,ILGOM2179Q,2985797363,eiravatirege@example.org,Berhampur,1985-10-27,MF-0522,5,2899856
Wazir Pillay,WYYUN0405V,9001248255,lsharma@example.com,Kolhapur,1976-03-02,MF-0527,2,2604147
Amruta Raman,GVZKQ3389F,2857256292,hemalwagle@example.net,Kota,1970-06-21,MF-0528,5,2926384
Gabriel Patla,USDGU3641U,1325936781,chakradev09@example.com,Moradabad,1973-02-08,MF-0530,8,764178
Tanmayi Rajagopal,HEJDM9819U,7045238885,priya60@example.com,Hospet,1984-05-06,MF-0531,5,565538
Jack Nanda,UVECH5130N,8214448896,fdhawan@example.net,Bhusawal,1980-05-22,MF-0533,5,2077519
Rishi Peri,ZNTQK5610M,2970137124,jeevika64@example.org,Indore,1972-01-18,MF-0543,1,387089
Deepa Narayanan,DCLFQ9011D,4004938819,zaid15@example.org,Rohtak,1987-07-02,MF-0549,3,1659941
Waida Kapur,CRHAY1379M,1661237407,virajghosh@example.com,South Dumdum,1969-11-30,MF-0550,6,66767
Yashoda Balasubramanian,TIIKW1864H,5883978570,ladchakradhar@example.com,Imphal,1981-06-17,MF-0552,4,2607402
Pranit Gulati,MZFWP6914Q,2879429688,rbedi@example.org,Berhampur,1992-01-09,MF-0553,3,2834285
Megha Srinivasan,KEBBN2879E,4131935923,vaishnavireddy@example.org,Gaya,2003-10-19,MF-0556,2,831591
Nandini Natarajan,WTFJQ0254H,6503440966,vartyjonathan@example.net,Hindupur,1984-04-26,MF-0557,3,40266
Falak Pradhan,ADBMP9067P,2489420466,fsankar@example.com,Khammam,1995-05-11,MF-0560,2,336250
Rishi Dube,WVUFR7489N,7763342720,egara@example.com,Ahmedabad,1989-06-16,MF-0565,3,1891584
Benjamin Kumer,MYOUU5306I,4935340018,stiwari@example.net,Khandwa,1975-10-30,MF-0566,8,992029
Yoshita Dubey,ELSIE9045G,7246301986,samarkara@example.net,Ujjain,1983-07-31,MF-0568,8,1926912
Tanvi Raval,VVLYC2054E,0066664110,chanaumang@example.com,Amroha,1984-06-19,MF-0571,2,2178142
Benjamin Virk,WMBAJ9058M,8268999626,rachitavenkatesh@example.net,Chittoor,1983-12-01,MF-0572,3,680004
Gaurika Vala,ZTQUU9170X,2185457056,jonathanperi@example.com,Ramgarh,1961-06-06,MF-0575,1,2420271
Tanay Bobal,JWXJQ0450N,3217435748,dwagle@example.com,Bongaigaon,1979-10-17,MF-0579,8,2522042
Sara Hari,TIGMJ9834T,5364628055,chandresh65@example.com,Nagercoil,1964-02-27,MF-0580,1,868711
Nathaniel Jha,CIVXU9209G,7409131117,dharfalguni@example.com,Pali,1963-01-04,MF-0581,2,410867
Ria Nori,FGWCT0740M,7980595031,tarak40@example.org,Delhi,1972-11-03,MF-0583,2,1208106
Chakradev Toor,ITONG9411O,9928553595,cbobal@example.org,Morbi,1985-09-08,MF-0584,1,1592989
Daniel Borah,QCXSP8677E,2339449530,wpurohit@example.org,Khammam,1960-12-27,MF-0585,6,467042
Lohit Shankar,EQDDB5582S,0711523802,gargekansh@example.com,Nagaon,1985-11-03,MF-0588,4,1893154
Upasna Misra,LVHNH6902Y,4384196622,sainividhi@example.org,Ambarnath,1978-06-29,MF-0593,1,1528858
Lakshmi Barad,JZGWP1071J,8821764846,ilala@example.org,Thrissur,2003-11-07,MF-0604,8,857462
Lucky Edwin,SQJWJ8019Q,2256062953,varenyakonda@example.org,Katihar,1963-01-27,MF-0605,5,887292
Vyanjana Majumdar,QUOJT1307X,8520136260,urvashipau@example.com,Satara,1992-10-10,MF-0606,4,2614583
Chakradev Pathak,ZLOQE5491X,6411955640,lkakar@example.com,Motihari,1982-06-27,MF-0607,2,349200
Darpan Sood,KBKQA0204E,1212413936,cravi@example.net,Thrissur,1963-11-25,MF-0608,5,2078586
Advika Patel,SUZYO8434F,3885034236,robertmukherjee@example.com,South Dumdum,1972-04-19,MF-0616,3,647250
Champak Gade,BZVLC2894W,2332829302,nchokshi@example.org,Berhampur,1961-08-08,MF-0618,1,923735
Chandresh Raju,CJYRE5838O,5812259095,aachal82@example.org,Kulti,1988-03-25,MF-0621,8,1894560
Kalpit Chad,DGCPS1018W,9017074039,isha29@example.com,Kumbakonam,1965-02-14,MF-0622,6,1789226
Nathaniel Parmer,FZWIF9206J,0592294115,eeshamutti@example.net,Muzaffarpur,1979-10-25,MF-0625,4,2796723
Mitesh Rege,CBYEV2942Q,9808513313,udarsh21@example.net,Belgaum,1998-01-21,MF-0626,2,420781
Dakshesh Kanda,VSVKT6660A,0532853863,narainpraneel@example.com,Bettiah,2000-03-13,MF-0630,3,139836
Harsh Ganesan,ZIQLF9003E,3277264883,ekani85@example.org,Bhimavaram,1990-01-19,MF-0641,1,2263829
Hiral Dey,GUFXN5161F,1050805491,amruta73@example.com,Raurkela Industrial Township,1994-08-14,MF-0642,2,1203274
Raksha Wadhwa,WLTSZ4171K,3449305378,jeetwagle@example.org,Gwalior,1999-01-31,MF-0643,1,996478
Siya Bumb,HTQVZ7059G,3672868112,radha81@example.org,Phagwara,2004-01-09,MF-0648,4,160552
Jairaj Khosla,IIKET9103I,5136090858,manderfalak@example.org,Dewas,1969-12-20,MF-0650,4,2674612
Wriddhish Sura,YHGYS9255P,9028377270,aradhakrishnan@example.org,Kulti,1973-08-12,MF-0652,2,2897060
Ekapad Sachar,SDUON1019V,6405103880,lallaluke@example.com,Dhule,1979-03-19,MF-0653,2,547758
Sudiksha D’Alia,UYNBK8939A,6764909228,umadan@example.com,Patiala,1997-03-16,MF-0654,6,1860120
Sudiksha Deshpande,MBPBZ7174J,1640343988,upmasavant@example.net,Anand,1970-06-03,MF-0655,8,2364719
Urvi Ahuja,ADJOW7443T,2252160252,dharanay@example.net,Farrukhabad,1993-04-12,MF-0661,3,151171
Lipika Konda,LGRRO0009P,1137118151,forum82@example.net,Jalgaon,2003-06-09,MF-0667,4,2410869
Hiral Badami,DDMLO4610D,6600128382,gillsai@example.org,Coimbatore,1976-01-27,MF-0670,4,1593128
Advay Tank,XUWQT6653Y,4227634601,abhimanyupau@example.com,Tirupati,1982-04-11,MF-0671,5,2518810
Xiti Thakkar,RLZAI2188B,6405110212,fitan23@example.org,Rewa,1962-11-16,MF-0675,4,997248
Hardik Shukla,OWYJW8601W,8419478550,ooak@example.com,Jamshedpur,1961-08-18,MF-0677,2,2516580
Dayita Chana,HWRFA1050Q,7896157385,senwaida@example.com,Guntur,1970-12-09,MF-0682,6,366219
Manbir Seshadri,CCABQ2884I,7632713538,ishitadass@example.org,Dibrugarh,1997-05-31,MF-0685,7,1376486
Girish Lata,EDBIB2647E,7031637050,sathvikgoyal@example.com,South Dumdum,1971-10-20,MF-0689,4,874804
Krisha Kapur,RYCBP1729J,8390654025,ikbal93@example.net,Warangal,1980-12-18,MF-0690,5,861780
Wakeeta Gole,HYOWP8129D,9602667652,ishani39@example.com,Dharmavaram,1977-01-27,MF-0691,6,472529
Umang Ghose,NLAKP2533W,0255501935,nidhithaman@example.net,Dhule,1988-01-30,MF-0693,2,801891
Watika Ratti,TLXRK3177E,6294193759,meghanasekhon@example.org,Salem,1981-10-29,MF-0695,1,2644763
Nandini Dave,JQGOZ6475Q,1209617300,divya24@example.org,Rourkela,1991-08-30,MF-0696,6,1667718
