name,pan_like_id,mobile,email,city,dob,source_customer_id,advisor_assigned,total_aum,risk_profile
Jai Kota,LJOLO3150A,0310518347,ykibe@example.com,Jhansi,1964-10-13,WEA-DEMO-s4b,Irya Sampath,2500000,CONSERVATIVE
Daniel Gala,YYDSB6064S,2343098050,daksheshtrivedi@example.org,Coimbatore,1986-10-25,WEA-0001,Netra Dar,7224068,MODERATE
Ekaja Zachariah,YSJTN1223E,6587603669,wahuja@example.com,Gurgaon,1984-04-25,WEA-0010,Vinaya Kanda,25293170,CONSERVATIVE
Atharv Muni,ELSOP9663G,9190586518,bcherian@example.com,Jamnagar,1979-10-18,WEA-0013,Veda Shroff,31448882,CONSERVATIVE
Vamakshi Swaminathan,OZSPT7014Q,7885685574,hansdiya@example.org,Nellore,1970-02-26,WEA-0015,Aradhana Vohra,22753744,MODERATE
Naksh Agate,SCOST6797S,1349361832,gandhidamyanti@example.net,Bahraich,1966-02-08,WEA-0018,Neha Magar,16079183,CONSERVATIVE
Nisha Tandon,DFUQU4680H,8087603859,amaradeep@example.com,Shivpuri,1965-12-23,WEA-0020,Nathan Mukhopadhyay,35504433,CONSERVATIVE
Alexander Dhawan,YQVNS6217Z,5865780913,wchaudhari@example.net,Raiganj,1967-12-15,WEA-0023,Ayush Batra,49869586,MODERATE
Ethan Sathe,SQDTM5946Y,1369594406,tanejabhavini@example.org,Muzaffarnagar,1988-08-24,WEA-0025,Laksh Chatterjee,37931706,CONSERVATIVE
Dayamai Sastry,FSUVA0952L,2858842474,dhaliwalupkaar@example.net,Proddatur,1976-09-23,WEA-0026,Akshay Lalla,1990382,CONSERVATIVE
Vamakshi Sen,CGONC5891U,7007661771,dominicdate@example.com,Eluru,2004-05-25,WEA-0030,Sudiksha Tiwari,22045662,CONSERVATIVE
Chavvi Maharaj,ETDCC9058D,4119986798,ekantasoni@example.net,Ghaziabad,1980-06-16,WEA-0037,Frado Thaman,8183062,AGGRESSIVE
Balveer Kota,NKXXS7788Y,5905151864,finn92@example.com,Katni,1966-04-23,WEA-0038,Dayita Puri,33784817,MODERATE
Nirja Patla,WVYCO3794I,4735977468,lakshitkrishna@example.org,Serampore,1985-01-13,WEA-0040,Zaitra Dash,43755954,MODERATE
Wridesh Saha,EHIGY2185G,6706540515,kiaan05@example.net,Akola,1997-03-04,WEA-0043,Varenya Gopal,9552724,CONSERVATIVE
Zilmil Loke,MLISU1616G,5447962757,omaharaj@example.org,Machilipatnam,1976-08-14,WEA-0045,Azaan Dhar,15927274,CONSERVATIVE
Bakhshi Date,YKCMJ1355R,5571928565,grewalxalak@example.net,Kishanganj,1965-10-25,WEA-0046,Sanaya Kala,45294077,CONSERVATIVE
Vritti Iyengar,LTCFZ1217R,5188442258,warjastak@example.org,Begusarai,1985-10-25,WEA-0047,Kai Chadha,44049110,AGGRESSIVE
Dayamai Rao,KEIUP7866E,7852892268,dakshagala@example.org,Kamarhati,1975-11-10,WEA-0048,Farhan Krishna,2852240,CONSERVATIVE
Anvi Dass,GPKLL4981J,9959001094,tankbimala@example.net,Karawal Nagar,1971-05-30,WEA-0049,Chameli Setty,24198669,AGGRESSIVE
Yuvraj Dutta,WKFGD5953F,7016873395,ssinghal@example.net,Moradabad,1979-08-06,WEA-0051,Jasmit Rau,37134901,AGGRESSIVE
Chakradev Rattan,XJSEY0983G,8499121655,yashodhararatti@example.net,Ranchi,1962-05-07,WEA-0052,Urvi Venkataraman,9363463,AGGRESSIVE
Manthan Varma,KZNVT2595L,8887947055,avi97@example.com,Faridabad,1986-04-23,WEA-0053,Lajita Divan,45754425,MODERATE
Azad Choudhary,AJASN3075A,0283857865,irya49@example.com,Shahjahanpur,1972-11-28,WEA-0054,Umang Mishra,13874170,MODERATE
Sarthak Suresh,YURSH5758K,6524041574,anita21@example.net,Latur,1962-11-13,WEA-0055,Viraj Ben,39922119,AGGRESSIVE
Christopher Setty,KDJDR2867Z,0640391065,sodhiazad@example.com,Bokaro,1994-06-21,WEA-0060,Kavya Raja,47701848,AGGRESSIVE
Krishna Prashad,HLIZH1825I,0047868633,ranbir10@example.net,Srikakulam,1994-05-05,WEA-0061,Wridesh Jhaveri,38508841,AGGRESSIVE
Harrison Bandi,VCZCO7903I,0284395995,odikamital@example.com,Proddatur,2002-05-15,WEA-0062,Prisha Tandon,18394050,CONSERVATIVE
Hemangini Raj,JTYLW8566I,3342708668,aadhyajani@example.com,Hospet,1997-11-28,WEA-0063,Rayaan Behl,23538346,MODERATE
Krishna Baral,NENVT1398A,3173936385,darika45@example.net,Kirari Suleman Nagar,1964-12-21,WEA-0064,Ekaja Jani,15358134,CONSERVATIVE
Garima Rajagopalan,DGBOE2185V,5047735866,merchantyatin@example.net,Gwalior,1972-06-04,WEA-0069,Mitesh Ramachandran,31984058,CONSERVATIVE
Mugdha Narula,QOGVH6101J,7567982507,dalialucky@example.com,Tiruvottiyur,1980-09-01,WEA-0074,Vasudha Pall,8676545,AGGRESSIVE
Gunbir Sarma,CZTHB7514V,2382825867,rachanarandhawa@example.org,Hospet,1986-09-10,WEA-0075,Aayush Kala,8254384,AGGRESSIVE
Arya Bhatnagar,XUMDH9182Q,8596969155,frado25@example.org,Farrukhabad,1965-10-12,WEA-0076,Lohit Vaidya,7838480,AGGRESSIVE
Shivani Lall,XZPNZ5171V,9629233095,ekiyamaster@example.com,Kottayam,2003-12-30,WEA-0079,Krishna Sabharwal,44651458,MODERATE
Aradhana Date,PWRZF2325J,6671168457,chandertara@example.net,Rajkot,1995-08-24,WEA-0080,Tejas Sanghvi,30230909,AGGRESSIVE
Laksh Raja,KANPK2218C,3269731121,ymurty@example.org,Bally,1988-12-30,WEA-0083,Bhavani Bala,17127866,AGGRESSIVE
Samesh Vasa,SPDYY9836P,6137918055,ipau@example.net,Chittoor,2002-08-19,WEA-0084,Anay Bir,28138900,AGGRESSIVE
Radha D’Alia,TQVQV7990L,0202758842,balangautami@example.com,Loni,1963-06-12,WEA-0086,Watika Shah,16471146,CONSERVATIVE
Kashish Dar,ZHCZE8023D,4518705349,lpillay@example.com,Bongaigaon,1994-02-04,WEA-0088,Matthew Ahuja,14027010,MODERATE
Arjun Kaul,AWQYV8505U,1383670241,dpradhan@example.net,Amaravati,1964-11-03,WEA-0089,Meera Borde,4054506,CONSERVATIVE
Jagdish Chana,NUJFT2490P,6804420678,zchaudry@example.org,Ahmedabad,1963-05-08,WEA-0091,Kalpit Hora,38771525,MODERATE
Bakhshi Korpal,EDFRY4768I,3838065787,lipika42@example.org,Kavali,1970-04-09,WEA-0093,Dalbir Sodhi,36069249,MODERATE
Viraj Dutta,IYVDW1334O,5223955905,waidamore@example.org,Agra,1964-08-09,WEA-0094,Theodore Bahri,21493721,AGGRESSIVE
Frederick Padmanabhan,JDYHA8693I,9374160898,senoscar@example.org,Nellore,1966-03-09,WEA-0100,Farhan Saran,9345232,MODERATE
Manbir Kuruvilla,JZJUR5116H,0998616229,chaudhuribhavika@example.net,Bulandshahr,1972-04-03,WEA-0101,Urvashi Barad,3675011,MODERATE
Anya Rau,CZVSP2996D,4505444713,amruta69@example.net,Maheshtala,1980-01-26,WEA-0102,Vedhika Varty,39600958,AGGRESSIVE
Dakshesh Raval,SQAZY5207V,9935387584,gunbir72@example.net,Karaikudi,1994-03-15,WEA-0106,Gautami Chakraborty,42970470,MODERATE
Luke Mutti,OLUOD2175A,4329271296,arajagopal@example.org,Dindigul,2002-06-09,WEA-0108,Rayaan Badami,28379791,CONSERVATIVE
Advika Murthy,OQVHH0899S,6375628900,egandhi@example.com,New Delhi,1975-03-12,WEA-0114,Chandresh Tripathi,9472243,AGGRESSIVE
Tanveer Shankar,CORLH3516X,7982708086,oscardave@example.org,Ghaziabad,1987-04-22,WEA-0117,Yamini Rajagopalan,44609799,CONSERVATIVE
Agastya Virk,DQDMR1062W,4420438057,lopakhanna@example.net,Nashik,2001-05-26,WEA-0119,Omaja Munshi,20687578,MODERATE
Dominic Kade,ISVXB3613P,2075011024,aarnareddy@example.com,Machilipatnam,1979-09-09,WEA-0123,Lopa Dani,30643983,MODERATE
Frederick Mody,PGJKL3536O,3129087814,vidhinarayanan@example.com,Noida,1965-01-13,WEA-0125,Rishi Nadkarni,27562073,MODERATE
Wahab Khurana,PNWJX4333G,1790807595,wgoswami@example.net,Sikar,1970-05-29,WEA-0138,Chatura Vora,2433274,CONSERVATIVE
Vanya Zachariah,RXLDH0856S,5003691559,warjas47@example.net,Ambarnath,1968-09-22,WEA-0139,Shivansh Saini,38192255,CONSERVATIVE
Janya Rattan,IKROG4729U,3866322702,vidhi44@example.net,Sikar,1964-12-27,WEA-0140,Darpan Kale,1190290,MODERATE
Anita Saxena,MDOVO2829K,8845783174,chavvianne@example.org,Hapur,1973-04-02,WEA-0144,Vyanjana Sood,31333570,AGGRESSIVE
Aditya Sani,JXMAJ4930B,3266341638,nitara31@example.org,Ramagundam,1965-06-28,WEA-0145,Sneha Magar,44173862,CONSERVATIVE
Tejas Chowdhury,KYRLH3650Z,0097925132,darpan05@example.net,Jorhat,1995-06-17,WEA-0148,Vinaya Kaul,7655753,AGGRESSIVE
Sudiksha Acharya,NXXNP8620U,8638782945,virkekalinga@example.org,Mangalore,1999-01-25,WEA-0150,Hredhaan Sunder,32827579,CONSERVATIVE
Ekiya Khosla,XJVQX9836C,6004908240,anthony48@example.net,Bareilly,1962-04-18,WEA-0153,Nachiket Devi,9202802,MODERATE
Jeevika Krish,KZKNU3441E,7279194096,radha61@example.org,Eluru,1963-01-06,WEA-0154,Eiravati Zacharia,35051879,CONSERVATIVE
Ryan Prakash,PNJSA2110V,4770538338,sdhaliwal@example.net,Gandhinagar,1986-04-15,WEA-0157,Aadhya Garde,45146306,AGGRESSIVE
Bhanumati Iyer,PAEYQ9407R,1046368157,rushiltella@example.com,Thane,1971-07-09,WEA-0158,Gauri Suri,39005165,AGGRESSIVE
Karan Goyal,MKNOM0994O,0517289752,nihalhans@example.org,Alappuzha,1994-04-10,WEA-0161,Anamika Sachar,11563599,AGGRESSIVE
Ranveer Manne,DKBSN7644D,7718129826,golasudiksha@example.net,Malda,1964-08-08,WEA-0163,Nihal Dasgupta,35382978,CONSERVATIVE
Ishaan Sengupta,UYGNK5186Y,0259222206,pratyush12@example.org,Nizamabad,1961-03-04,WEA-0164,Wishi Ahluwalia,36361949,AGGRESSIVE
Wazir Kalla,CFMMA9776P,9830220502,garima10@example.org,Mangalore,1967-09-25,WEA-0165,Peter Shah,10209671,MODERATE
Abeer Comar,NBLMV5569V,7027278576,anirudh39@example.net,Raichur,1963-07-20,WEA-0168,Avni Balasubramanian,12534213,AGGRESSIVE
Bhavini Malhotra,RJKRH8571A,3858542493,sachi02@example.org,Dhanbad,1965-04-18,WEA-0171,Gabriel Sandhu,14238686,CONSERVATIVE
Radhika Oommen,VTKFH8321L,5817246191,fbhat@example.org,Amaravati,2000-05-18,WEA-0174,Manan Dixit,24618442,AGGRESSIVE
Eesha Raja,NQLEI6668M,5624220102,devanojasvi@example.com,Bokaro,1980-08-17,WEA-0176,Shivani Rajagopalan,39945247,AGGRESSIVE
Upkaar Grewal,FUPTG6909R,8950097519,udyati81@example.net,Sambalpur,1981-06-03,WEA-0177,Devika Bera,5152273,MODERATE
Advay Singh,UVAWZ7879S,2094940792,mangatvedhika@example.org,Dibrugarh,1964-01-07,WEA-0178,Zayyan Deo,36081026,AGGRESSIVE
Vidhi Chad,MBULP7320F,1847870050,kakartara@example.net,Adoni,1970-11-20,WEA-0185,Balhaar Dhaliwal,37223402,AGGRESSIVE
Rushil Nanda,GPVAM3153Y,1797062397,tanvihari@example.net,Gopalpur,1969-07-13,WEA-0190,Azad Bhasin,6628764,CONSERVATIVE
Chakrika Som,UCVSH4929U,0281406937,hayertristan@example.com,Lucknow,1964-04-24,WEA-0198,Gagan Vala,49220693,CONSERVATIVE
Maanas Johal,ELWYF4785A,4628792326,mittaldaksha@example.com,Rajahmundry,1961-10-25,WEA-0200,Mitesh Lala,26051899,MODERATE
Urmi Dash,SPPBH4627W,7195979647,ladnicholas@example.net,Ulhasnagar,1974-09-13,WEA-0201,Ishanvi Gade,3975317,MODERATE
Anjali Patel,SHOEG6504M,1928554451,agastyadevan@example.net,Serampore,1994-11-26,WEA-0202,Harini Gaba,5234605,AGGRESSIVE
Utkarsh Mohanty,BSWYH2321E,7603108907,mitraadvaith@example.org,Madanapalle,1969-09-03,WEA-0204,Qasim Panchal,37442173,MODERATE
Pratyush Pant,OAHWU6638H,1827548015,tanmayi94@example.net,Kamarhati,1985-01-02,WEA-0206,Priya Gulati,35848012,MODERATE
Unnati Jaggi,QIVZI4778I,0616756770,nitesh76@example.org,Pali,1982-01-30,WEA-0209,Vritti Zacharia,3842406,AGGRESSIVE
Vamakshi Dugar,FLYNR8064W,5009025590,wpai@example.com,Pimpri-Chinchwad,1989-09-23,WEA-0210,Wahab Muni,19425098,AGGRESSIVE
Samar Sachar,RMPZP4424H,3034778660,ayushkuruvilla@example.com,Kalyan-Dombivli,2003-01-16,WEA-0214,Anmol Bhakta,18567535,MODERATE
Dipta Misra,ZUIPH1651K,8984713915,pallavikamdar@example.org,Akola,1970-01-20,WEA-0215,Ria Rege,20164739,AGGRESSIVE
Ansh Bajaj,DMQSK8931D,9694215291,htalwar@example.org,Jhansi,2002-04-06,WEA-0219,Bhavna Talwar,28567993,MODERATE
Rajata D’Alia,TJFDF7075H,1513422849,vorapranit@example.com,Shahjahanpur,1994-06-09,WEA-0223,Falguni Bal,16131054,MODERATE
Wriddhish Rastogi,YXZSP1032W,1476492515,erama@example.com,Mysore,1993-12-02,WEA-0225,Quincy Saraf,3764502,CONSERVATIVE
Girik Baria,PRTJF8573H,4761742243,bosechakradev@example.net,Sasaram,1979-05-01,WEA-0226,Ucchal Kulkarni,15147110,AGGRESSIVE
Hardik Dube,MCAXX5521A,7548214565,ikari@example.com,Alappuzha,2000-02-24,WEA-0233,Ayushman Savant,41098805,AGGRESSIVE
Advaith Varughese,ZXKBD1155Z,2908466845,netrasehgal@example.net,Tinsukia,1988-02-09,WEA-0234,Hemani Ravel,25557640,CONSERVATIVE
Yashica Pandya,TKVAD1017V,9989354492,narangzaitra@example.net,Karimnagar,1980-08-16,WEA-0236,Pavani Sabharwal,37900284,MODERATE
George Bhatia,CEXRH6273Z,4976776228,yochanawadhwa@example.org,Sirsa,1981-06-18,WEA-0237,Kala Dani,35166633,MODERATE
Imaran Dara,HJHXT5940X,4702296044,dasikshita@example.org,Erode,1981-10-21,WEA-0238,Sneha Nazareth,32792431,AGGRESSIVE
Vaishnavi Deo,QCJUU2877F,6365807412,chadareyansh@example.net,Jehanabad,1983-08-05,WEA-0239,Yadavi Bahl,11905327,MODERATE
Pranit Bahl,CFZIM4339U,9070562608,contractorhardik@example.net,Baranagar,1966-12-21,WEA-0240,Gaurav Dube,38777207,MODERATE
Veda Balakrishnan,JLRGP6304W,4967183258,cseth@example.org,Udupi,1973-05-12,WEA-0242,Aadi Bhasin,43213169,AGGRESSIVE
Sudiksha Rajagopalan,GVPRY7699B,8593110919,isha67@example.net,Gaya,1971-05-02,WEA-0249,Darpan Datta,46407350,AGGRESSIVE
Bina Sarraf,BMMSL3950O,2583230241,nigamshivansh@example.com,Mathura,1976-11-24,WEA-0252,Onveer Vyas,16144567,AGGRESSIVE
Nathan Mukherjee,RMAJC9387E,9385977790,chameli69@example.org,Kulti,1968-07-14,WEA-0260,Tanvi Rajagopalan,43864162,MODERATE
Girish Ramaswamy,OISQE0324S,7681511856,yashawinibasu@example.com,Srinagar,1988-09-29,WEA-0261,Lakshmi Oza,6820873,MODERATE
Anjali Dube,TCRIN7523C,8164709006,ryanchand@example.org,Bhopal,2004-02-29,WEA-0263,Rehaan Bhatnagar,25129132,AGGRESSIVE
Unni Mukhopadhyay,LMPTS2336K,3471566277,ydugal@example.com,Eluru,1979-06-10,WEA-0268,Charita Yogi,45566623,CONSERVATIVE
Lekha Gaba,GTFOS3645X,6633705024,yug99@example.net,Ahmedabad,1965-10-08,WEA-0270,Leena Rao,30651417,CONSERVATIVE
Zarna Gulati,STGIQ6264Y,6119524364,chatterjeeekaraj@example.net,Loni,1978-12-23,WEA-0271,Raagini Garde,35250710,MODERATE
Aarush Shan,HHRSW6209P,7978630505,vedhikaratta@example.net,Karnal,1979-06-19,WEA-0274,Harish Rajan,26667772,MODERATE
Laban Warrior,KXMEP7153V,6863341411,jackpillai@example.org,Nadiad,1986-01-07,WEA-0276,Deepa Bhatia,32071665,AGGRESSIVE
Lipika Sampath,QMLOG5528Z,8752437729,dayamai81@example.com,Thrissur,1982-06-01,WEA-0277,Daniel Nath,16412494,CONSERVATIVE
Riya Subramanian,ZVMVP4233A,9126620157,radha26@example.org,Kochi,1971-03-26,WEA-0279,Chasmum Gera,41116665,AGGRESSIVE
Meera Yadav,LITYP8718H,1292087510,gagankunda@example.org,Amravati,1982-11-27,WEA-0281,Onveer Sampath,45306105,AGGRESSIVE
Vansha Datta,QIJYK4082V,0539672757,tverma@example.org,Chandigarh,2002-04-28,WEA-0285,Dhriti Chana,28694317,MODERATE
Faraj Khatri,FVSJF1290Z,6827788160,vwarrior@example.com,Dehri,1990-09-25,WEA-0286,Saumya Ganguly,17297959,MODERATE
Parth Borde,DBFYK5285X,5381447443,dalajavarma@example.org,Tadipatri,1997-12-17,WEA-0287,Ishani Ahuja,5884473,CONSERVATIVE
Falguni Misra,ULZWA5105G,7318826170,xrana@example.com,Haldia,1999-11-22,WEA-0288,Ikbal Sarna,15018309,MODERATE
Neel Dey,TMHMS5605C,6650237416,ektaratta@example.net,Mira-Bhayandar,1965-06-18,WEA-0289,Ansh Date,48229110,CONSERVATIVE
Manthan Karnik,RMJBB1260N,1066843356,tbehl@example.org,Bharatpur,1972-12-23,WEA-0291,Omya Koshy,32273003,CONSERVATIVE
Jai Barman,GEINV9337T,3820236848,sarinekansh@example.com,Loni,2001-08-12,WEA-0293,Ojas Mahal,11228156,CONSERVATIVE
Bimala Bath,FRIGE9036K,8686694320,varghesetamanna@example.net,Avadi,1998-02-22,WEA-0294,Amrita Dani,24634142,CONSERVATIVE
Amrita Dhar,IVVTF9001M,7972457230,bailchaitanya@example.org,Kota,1983-02-21,WEA-0298,Lucky Agarwal,43797241,AGGRESSIVE
Arjun Karan,PSORY6625R,7213145195,dorapranav@example.com,Ghaziabad,1968-08-12,WEA-0299,Mason Mitra,1795305,CONSERVATIVE
Ijaya Chawla,ZTZEY4754A,2526771196,joshua26@example.com,Shimla,1979-04-14,WEA-0300,Gauri Devi,36190908,CONSERVATIVE
Logan Wable,CYPSA4765S,2009282066,utkarsh62@example.com,Nagaon,1977-03-31,WEA-0303,Siddharth Rattan,26451977,MODERATE
Dayamai Guha,RFKKC8303K,0051405468,kai15@example.com,Ambala,1996-03-01,WEA-0305,Arjun Raja,4124720,CONSERVATIVE
Arin Sampath,JERZF4421T,6834201654,esubramaniam@example.net,Junagadh,1976-03-29,WEA-0310,Advaith Issac,48855903,CONSERVATIVE
Gagan Chawla,GFVWN1096I,7890463378,wdash@example.com,Tenali,1960-12-20,WEA-0313,Udarsh Tripathi,13575649,MODERATE
Amrita Lalla,ACABJ4630Y,8955296386,sanghvikabir@example.net,Malegaon,1978-05-16,WEA-0314,Zansi Dutt,7931871,CONSERVATIVE
Vihaan Chaudhary,YZWOQ2819J,5311060920,vbakshi@example.net,Malda,1988-07-20,WEA-0315,Rachit Khatri,1828164,MODERATE
Tarak Patla,IOFUS1305I,4731584776,oscar34@example.com,Ballia,1995-07-14,WEA-0318,Noah Jha,8178794,CONSERVATIVE
Yatan Bora,XUHAU3552S,5379538164,harshilmall@example.net,Chapra,1999-11-30,WEA-0320,Radhika Nadkarni,26236644,MODERATE
Yadavi Sankar,RXGDP8507Y,3436294897,kothariindrajit@example.org,Meerut,2000-01-07,WEA-0326,William Bhatti,15898240,AGGRESSIVE
Anya Kara,GOUSR9666F,2354940128,onkarmurty@example.net,Rourkela,1968-11-16,WEA-0327,Lucky Arya,26106739,MODERATE
Aarini Sur,WTTVH4570X,1480263257,nparsa@example.net,Jammu,2001-02-21,WEA-0329,Hritik Mahal,24374037,MODERATE
Chatura Chad,MGSKE0415S,0198038287,deepa07@example.net,Raipur,1963-08-04,WEA-0334,Jai Venkatesh,40742081,MODERATE
Harish Tailor,SZGDA5466B,0471960940,liam77@example.com,Kozhikode,1976-05-17,WEA-0336,Ikshita Vohra,42430508,CONSERVATIVE
Bhavika Kar,ZYMFL3268B,3020569815,sarthaksom@example.net,Raurkela Industrial Township,1987-11-06,WEA-0339,Ekalinga Sarna,27069328,MODERATE
Krisha Bobal,TGHFO9128D,0344651241,mohini90@example.net,Ballia,1981-05-11,WEA-0340,Ayushman Bali,20383373,CONSERVATIVE
Vincent Chanda,VWZYI9036K,0301027240,brindadayal@example.net,Nangloi Jat,1989-07-27,WEA-0343,Faraj Krishna,12224191,CONSERVATIVE
Dipta Bhatt,QFIOO7244L,9031028795,ladaarini@example.org,Panvel,1992-03-29,WEA-0348,Inaya Chopra,47246972,MODERATE
Yashica Sawhney,NUKXR1813A,6420595565,dyaljyoti@example.org,Jalgaon,2000-10-03,WEA-0349,Hitesh Kakar,42349207,CONSERVATIVE
Yasti Trivedi,LCQUJ9536Y,1398986818,rnadig@example.org,Latur,1975-02-05,WEA-0350,Vihaan Shah,22720026,AGGRESSIVE
Hritik Bath,OCVBS1576W,2298120995,ggoda@example.net,Jalandhar,1970-11-08,WEA-0353,Harita Bava,19671409,AGGRESSIVE
Gopal Jhaveri,MCIIZ8820M,7053496782,saxenarachana@example.com,Chandigarh,1998-09-03,WEA-0355,Jackson Pandya,27690260,CONSERVATIVE
Watika Mandal,UVNAB2318E,8932064969,charitakata@example.com,Unnao,1995-09-10,WEA-0357,Ishanvi Srivastava,33570475,MODERATE
Gopal Kanda,UPQBH1467L,5156277963,nilimabhat@example.net,Bhilwara,1990-05-02,WEA-0358,Mahika Sathe,2092623,CONSERVATIVE
Mohini Lad,VOCTC0473A,9283199529,xchana@example.net,Nagercoil,1994-05-17,WEA-0359,Chandran Venkataraman,19389134,CONSERVATIVE
Janaki Wason,TOSZK3286X,6383000818,barkhamitra@example.org,Shahjahanpur,1962-02-13,WEA-0360,Krishna Rattan,27598032,AGGRESSIVE
Anamika Chad,BAVIM1186J,9639456804,lallaurishilla@example.com,Haldia,1964-09-23,WEA-0361,Arya Subramanian,32997956,CONSERVATIVE
Yashawini Konda,XWITG6076C,9063757914,garasarthak@example.com,Gwalior,1966-11-08,WEA-0362,Viraj Bhargava,16179411,AGGRESSIVE
Zayyan Sabharwal,USKMA4520A,3878753577,sandalfaras@example.com,Ahmedabad,1967-10-07,WEA-0363,Ojas Hora,16364364,MODERATE
Damini Pillai,IPQME9648L,1342491289,urvashi32@example.org,Thrissur,1964-08-26,WEA-0366,Luke Gala,44622118,CONSERVATIVE
Deepa Mahal,DKSFK8515D,1121259020,koshydarika@example.net,Mira-Bhayandar,1974-04-18,WEA-0371,Bhavini Gokhale,34526416,AGGRESSIVE
Logan Mutti,MLSQS6334C,1759558720,radhapalan@example.net,Dhule,1975-09-10,WEA-0372,Gautam Varghese,9857221,MODERATE
Nicholas Sibal,ZNDLK8207S,6734595764,samapooja@example.com,Guntakal,1961-11-21,WEA-0374,Charita Viswanathan,43182665,AGGRESSIVE
Harish Sinha,QYDTP8637W,6252654696,obala@example.net,Noida,1976-11-16,WEA-0376,Yachana Agarwal,40355131,AGGRESSIVE
Balhaar Wali,IGIUJ6321O,6457938970,dinharrison@example.com,Naihati,2001-06-10,WEA-0380,Pahal Rattan,19036479,AGGRESSIVE
Kai Maharaj,GOOBT4795U,1949796958,ozaharini@example.com,Raiganj,1967-04-25,WEA-0382,Shivansh Walia,18646252,AGGRESSIVE
Keya Yogi,GZNNH2691K,2268653694,yadavi88@example.com,Sambhal,1982-05-29,WEA-0384,Bhavini Sengupta,46239456,AGGRESSIVE
Janani Manne,ETCRS4294J,2946430394,januja88@example.com,Tadipatri,2000-03-26,WEA-0389,Nachiket Thaker,35613015,CONSERVATIVE
Vansha Shetty,YOEME1805H,1731893974,uchoudhury@example.com,Giridih,1996-02-02,WEA-0392,Aadi Krishnamurthy,14114576,AGGRESSIVE
Hema Yohannan,NTGTU2313X,1493925236,eshanavarty@example.com,Agartala,1970-09-12,WEA-0394,Urmi Mitter,36555248,CONSERVATIVE
Max Dora,JFCPU9493K,8840215573,trivenipathak@example.com,Rampur,1971-11-14,WEA-0397,Logan Dar,27370607,AGGRESSIVE
Ganga Bora,HXSVB2957B,9409600356,tanvi39@example.com,Maheshtala,1994-08-24,WEA-0399,Darika Golla,28280595,CONSERVATIVE
Dev Pau,GODHH6082J,2547681826,anayissac@example.net,Hajipur,1987-01-28,WEA-0407,Champak Walia,24752729,CONSERVATIVE
Ekalinga Bhargava,KWZPZ6227Y,6693351342,sameshsawhney@example.org,Khammam,1961-02-09,WEA-0409,Deepa Viswanathan,42552234,AGGRESSIVE
Ati Majumdar,QQWFA4856G,3973964178,mbasak@example.org,Ramgarh,1964-10-23,WEA-0411,Jalsa Sama,10209753,MODERATE
Balveer Palan,CZZOV7798X,0392051460,indira34@example.com,Anantapur,1980-10-17,WEA-0412,Naveen Kadakia,17720022,AGGRESSIVE
Krish Nagy,GYGTE3892I,1935837490,esarin@example.org,Karaikudi,1980-05-14,WEA-0416,Idika Sood,11712239,CONSERVATIVE
Abha Ratti,VCWGH3351Q,9080512080,ayaan99@example.com,Malegaon,1968-12-05,WEA-0419,Qabil Wason,48207923,AGGRESSIVE
Hemani Chatterjee,LCTXL2959G,7090814415,harishtank@example.org,Pudukkottai,2001-02-11,WEA-0420,Lopa Sem,33912631,CONSERVATIVE
Dominic Nigam,FMYZC3523W,7918158998,barkhanagi@example.org,Davanagere,1973-07-11,WEA-0421,Netra Saran,33077298,CONSERVATIVE
Fitan Swaminathan,JENYT0715F,0803149982,battachavvi@example.com,Nagercoil,2003-01-22,WEA-0422,Radha Trivedi,9757005,MODERATE
Mitali Mane,QGWHZ8449M,8732807711,fiyazbir@example.org,Tadepalligudem,1976-12-14,WEA-0425,Riya Barman,33695439,AGGRESSIVE
Lila Sengupta,WODEJ3794D,3242642506,troy@example.net,Rewa,1966-02-19,WEA-0428,Sathvik Ravi,16971636,MODERATE
Gunbir Bhattacharyya,VFUWM1000V,3415959775,duttamax@example.org,Kochi,1984-01-21,WEA-0431,Nathan Singh,30408455,AGGRESSIVE
Ronith Nagi,ZFBNL4159A,5438480752,saumya65@example.org,Berhampore,1989-08-25,WEA-0433,Azad De,11915693,MODERATE
Raghav Grover,OLSMA5326G,3645380442,upadmanabhan@example.org,Vijayawada,1990-04-17,WEA-0437,Advik Chakrabarti,19892693,MODERATE
Watika Bhatt,HKTPF1221W,5516517680,gauravjohal@example.com,Bhiwandi,1994-03-13,WEA-0445,Utkarsh Khatri,28782173,AGGRESSIVE
Arjun Ben,OWOJI3700G,5660847068,joshivictor@example.net,Chennai,1976-01-03,WEA-0446,Jhalak Upadhyay,36937763,AGGRESSIVE
Vamakshi Ghosh,DLSJR0113R,9712316600,agill@example.net,Rajkot,2002-11-06,WEA-0450,Baghyawati Srinivas,38336969,MODERATE
Amara Bajwa,ZAPCK4337B,3045195778,ekanipalan@example.com,Amaravati,1978-04-24,WEA-0451,Idika Master,40431563,AGGRESSIVE
Aachal Gala,UUZXJ3571Z,3956137230,ekbalmohan@example.org,Avadi,1996-12-11,WEA-0453,Rayaan Bajwa,28574363,MODERATE
Azaan Merchant,EQCHB1321W,0945653469,swamyazad@example.com,Etawah,1961-12-31,WEA-0454,Leela Yohannan,23246190,AGGRESSIVE
Abdul Ram,LOVRL2604F,7112229907,vohrajyoti@example.net,Gurgaon,1981-06-23,WEA-0457,Rajata Sami,49908900,MODERATE
Nitesh Koshy,ADWBC6534U,0356793279,bhavnatank@example.org,Ghaziabad,1961-12-29,WEA-0460,Frado Dhingra,3219360,MODERATE
Ekiya Khatri,MVHRA9354R,9639243588,jacobmanne@example.net,Tiruppur,1986-12-14,WEA-0462,Qadim Taneja,43641630,CONSERVATIVE
Yatan Ramanathan,IVJQM7497E,1686013477,rissac@example.org,Unnao,1986-10-29,WEA-0463,Rajeshri Ram,2842171,MODERATE
Max Bajaj,KZYNI8953N,2199471136,oscarkannan@example.com,Delhi,1971-02-21,WEA-0465,Radhika Raju,2345690,AGGRESSIVE
Veer Rout,OFNDK4281P,4876230391,jeetshere@example.net,Mangalore,1967-05-10,WEA-0469,Yatan Anand,46930188,CONSERVATIVE
Onveer Magar,DZIKD8088E,2395947372,bhavsarkrishna@example.org,Tumkur,1980-11-28,WEA-0470,Megha Raval,35714984,CONSERVATIVE
Zinal Pandya,HAKGF9964I,3195419666,vidhi30@example.org,Siliguri,1980-06-06,WEA-0471,Chasmum Randhawa,28118586,AGGRESSIVE
Yoshita Bansal,JYVQT8981C,2231964630,robertsahota@example.net,Erode,1995-10-24,WEA-0474,Prisha Kumer,32593569,CONSERVATIVE
Aadi Bhatti,YEODK2047R,1175957498,zinalmallick@example.net,Kamarhati,1996-06-28,WEA-0475,Vasudha Magar,23523913,AGGRESSIVE
Yashodhara Mital,TZQGJ7609J,3372188566,finn32@example.net,Amritsar,1994-09-25,WEA-0476,Rajata Ravi,8904180,MODERATE
Mitesh Sachdeva,HTPFF7055Z,6634392529,chaudhurifitan@example.org,Jalgaon,1984-05-30,WEA-0477,George Doshi,39944153,AGGRESSIVE
Manthan Dubey,HJGCI0109J,4559376618,xbandi@example.org,Nellore,1975-10-26,WEA-0480,Azad Krishnan,43580505,CONSERVATIVE
Urvi Sahni,ULOCQ7993T,3946408303,sanichampak@example.org,Jorhat,1996-06-20,WEA-0483,Amol Thaker,14382463,AGGRESSIVE
Edhitha Korpal,CGDTQ4864I,6245618517,balbhavani@example.com,Tiruchirappalli,1998-11-22,WEA-0488,Janani Comar,30102780,AGGRESSIVE
Aishani Nath,NLZFO5129D,4881898484,osha15@example.com,Durgapur,1963-08-29,WEA-0489,Hredhaan Sood,16328891,CONSERVATIVE
Upasna Patel,KLJYP6814F,2291073228,raghav78@example.org,Chinsurah,1969-12-02,WEA-0490,Reyansh Wable,34865384,CONSERVATIVE
Shivani Iyer,KEOCI4764B,7638821458,netra01@example.net,New Delhi,2000-03-07,WEA-0494,Yash Wagle,41869419,CONSERVATIVE
Watika Wadhwa,XSXJA0205K,0732146449,gopal67@example.net,Sambalpur,1974-12-03,WEA-0495,Ishanvi Sinha,25019727,AGGRESSIVE
Avi Chatterjee,LKOVC9043U,3332470739,jeevikamistry@example.net,Jamnagar,1990-11-26,WEA-0498,Urvi Radhakrishnan,11008917,CONSERVATIVE
Onveer Prasad,GFWKN0826E,6163248889,tanveersen@example.com,Phagwara,1997-06-13,WEA-0499,Arya Mutti,20499633,MODERATE
Tanish Bahri,XIDFL3646H,0381876920,jonathankhosla@example.org,New Delhi,1984-05-08,WEA-0500,Harinakshi Vohra,24993257,MODERATE
Finn Butala,YIPXD3717Y,2556184442,fmani@example.net,Saharanpur,1968-05-14,WEA-0502,Yachana Basak,11696844,CONSERVATIVE
Ladli Singh,BCMDA0867Q,3655158482,keernitara@example.org,Sasaram,1970-08-29,WEA-0503,Kala Bawa,39181147,AGGRESSIVE
Abdul Lal,FPHMY4287T,8164321269,nikita42@example.org,Gurgaon,1993-12-02,WEA-0505,Jyoti Wadhwa,30047931,AGGRESSIVE
Tanish Chawla,CYSOY4417K,5402635582,singhalkrishna@example.com,Parbhani,1998-08-11,WEA-0506,Upkaar Chopra,32493447,MODERATE
Aadhya Bansal,AVCXO4288B,3766608112,christophervenkatesh@example.org,Pali,1978-02-20,WEA-0511,Avi Raju,41547395,AGGRESSIVE
Rishi Oommen,VHIAC4378N,5910157090,mannbhavika@example.net,Pune,1992-01-30,WEA-0513,Aadhya Gandhi,45101744,MODERATE
Osha Prashad,VURRW4899D,8428596932,ansh84@example.net,Akola,1999-10-26,WEA-0514,Qasim Kapoor,34045890,CONSERVATIVE
Ranveer Wadhwa,QMXRZ5951I,3948400273,yraman@example.org,Bhiwandi,1997-04-26,WEA-0517,Yahvi Jaggi,9269099,MODERATE
Finn Hans,EYHDN9500P,1491507628,ddhawan@example.net,Muzaffarnagar,1988-09-07,WEA-0518,Anay Tandon,34475823,CONSERVATIVE
Saanvi Manda,IUZWA6207Q,9250817760,lallarin@example.com,Jabalpur,2003-04-30,WEA-0519,Samaksh Setty,35113643,CONSERVATIVE
Gaurav Deo,WZGDI5523F,0321192061,kevin77@example.net,Gandhinagar,1965-12-20,WEA-0520,Sara Borde,26814272,MODERATE
Falan Atwal,ILGOM2179Q,2985797363,eiravatirege@example.org,Berhampur,1985-10-27,WEA-0522,Arin Tailor,24172259,AGGRESSIVE
Neha Dani,FPZHX7706Z,0506821223,ramaswamyjasmit@example.org,Panvel,2004-02-23,WEA-0523,Alka Ravel,8744715,MODERATE
Wazir Pillay,WYYUN0405V,9001248255,lsharma@example.com,Kolhapur,1976-03-02,WEA-0527,Quincy Koshy,46333783,AGGRESSIVE
Mahika Pingle,QYJUB5078N,7443034918,ksule@example.org,Nagaon,1997-04-15,WEA-0529,Warinder Luthra,42645190,MODERATE
Gabriel Patla,USDGU3641U,1325936781,chakradev09@example.com,Moradabad,1973-02-08,WEA-0530,Balendra Pandya,13985411,MODERATE
Tanmayi Rajagopal,HEJDM9819U,7045238885,priya60@example.com,Hospet,1984-05-06,WEA-0531,Chanchal Ganesh,3726917,MODERATE
Waida Nazareth,OVULB8548X,9428249116,baralbrijesh@example.org,Serampore,1988-10-04,WEA-0532,Elijah Khalsa,18113844,CONSERVATIVE
Brinda Sachdev,GVTKX2025S,1832812312,modygeorge@example.org,Bangalore,1999-08-06,WEA-0534,Ojasvi Lala,48491705,MODERATE
Chavvi Keer,KUPXS8823P,5844617773,anmolnatarajan@example.com,Gangtok,1996-04-22,WEA-0537,Jackson Gole,36601178,MODERATE
Reva Agate,EKDVP2927Q,8713752988,chaudharikrish@example.com,Meerut,1984-09-29,WEA-0538,Baljiwan Basu,17129472,AGGRESSIVE
Nicholas Kade,PKKXU9102L,0143748309,fsinghal@example.org,Tiruchirappalli,1987-06-02,WEA-0540,Maanav Rao,33668911,CONSERVATIVE
Rudra Kala,BYVNI0493A,7481242114,geetikaanand@example.net,Guntur,1967-03-29,WEA-0542,Keya Dave,46996763,MODERATE
Rishi Peri,ZNTQK5610M,2970137124,jeevika64@example.org,Indore,1972-01-18,WEA-0543,Nachiket Bal,5915592,CONSERVATIVE
Abhimanyu Kapadia,HBNXZ4030F,5649157955,zayansrinivasan@example.org,Chandrapur,1980-12-13,WEA-0545,Indrajit Basu,27139027,AGGRESSIVE
Jagat Varkey,ZVYAJ1030O,7641726808,sara12@example.net,Moradabad,2003-07-02,WEA-0546,Ubika Chad,1395870,AGGRESSIVE
Yashoda Basak,DDTOV6713F,4584743621,wgopal@example.net,Amroha,1979-05-17,WEA-0547,Zehaan Taneja,40299488,CONSERVATIVE
Deepa Narayanan,DCLFQ9011D,4004938819,zaid15@example.org,Rohtak,1987-07-02,WEA-0549,Chameli Taneja,37622949,MODERATE
Ishaan Sehgal,BQIBN0142D,8782116020,keerkala@example.net,Siliguri,2000-02-14,WEA-0551,Sai Bains,35396829,CONSERVATIVE
Gaurang Sampath,FJPPL1560F,8835651796,nmandal@example.com,Bongaigaon,1971-07-30,WEA-0554,Pushti Bal,31954983,AGGRESSIVE
Megha Srinivasan,KEBBN2879E,4131935923,vaishnavireddy@example.org,Gaya,2003-10-19,WEA-0556,Aachal Nagi,31242339,MODERATE
Nandini Natarajan,WTFJQ0254H,6503440966,vartyjonathan@example.net,Hindupur,1984-04-26,WEA-0557,Aarnav Rattan,22019488,CONSERVATIVE
Dipta Bawa,UMRLD1192R,5360511716,ajohal@example.com,Bulandshahr,2003-07-29,WEA-0559,Harish Varma,8303634,CONSERVATIVE
Falak Pradhan,ADBMP9067P,2489420466,fsankar@example.com,Khammam,1995-05-11,WEA-0560,Neel Atwal,10395352,AGGRESSIVE
Divya Sampath,IBKCY5775T,3389062354,omyanayar@example.net,Meerut,1965-05-28,WEA-0561,Idika Karnik,43387736,CONSERVATIVE
Aditya Sandal,JSLWZ2212C,7746259160,harish15@example.net,Deoghar,1995-09-12,WEA-0562,Darpan Ahuja,15278127,CONSERVATIVE
Hritik Som,TFJIM9867F,9957047264,indrajitgala@example.org,Dehri,1971-09-09,WEA-0563,Hema Kari,20528623,CONSERVATIVE
Hiral Raju,WOKXQ8078G,4218385454,dalaja54@example.net,Sonipat,1993-03-08,WEA-0564,Faraj Choudhury,27627801,MODERATE
Rishi Dube,WVUFR7489N,7763342720,egara@example.com,Ahmedabad,1989-06-16,WEA-0565,Ekalinga Ram,11685235,CONSERVATIVE
Yoshita Dubey,ELSIE9045G,7246301986,samarkara@example.net,Ujjain,1983-07-31,WEA-0568,Harshil Dora,22748044,CONSERVATIVE
Xalak Balan,LHGDT6293K,2210102320,bshenoy@example.com,Ranchi,2000-09-04,WEA-0569,Libni Dara,18670842,AGGRESSIVE
Tanvi Raval,VVLYC2054E,0066664110,chanaumang@example.com,Amroha,1984-06-19,WEA-0571,Mohini Luthra,44183010,MODERATE
Elijah Patla,LXDEK0596D,0932012657,lajitaaurora@example.com,Begusarai,1998-03-31,WEA-0573,Liam Bora,45366317,CONSERVATIVE
Gaurika Vala,ZTQUU9170X,2185457056,jonathanperi@example.com,Ramgarh,1961-06-06,WEA-0575,Dev Rastogi,43247742,AGGRESSIVE
Abeer Subramaniam,PSWDF1058H,0927115261,kbera@example.org,Varanasi,1962-01-29,WEA-0577,Qushi Murthy,49853529,AGGRESSIVE
Aayush Sule,YTJTU4189S,3298769893,arya71@example.com,Kottayam,2001-05-13,WEA-0578,Samaksh Mukhopadhyay,13206038,AGGRESSIVE
Ria Nori,FGWCT0740M,7980595031,tarak40@example.org,Delhi,1972-11-03,WEA-0583,Azad Kala,9984743,MODERATE
Chakradev Toor,ITONG9411O,9928553595,cbobal@example.org,Morbi,1985-09-08,WEA-0584,Anirudh Rao,13684985,CONSERVATIVE
Daniel Borah,QCXSP8677E,2339449530,wpurohit@example.org,Khammam,1960-12-27,WEA-0585,Ijaya Apte,40283528,MODERATE
Wakeeta Kala,ZLSGD6542I,2902923345,baraloviya@example.net,Raurkela Industrial Township,1971-05-20,WEA-0586,Yashvi Kulkarni,38894378,MODERATE
Akshay Doshi,COYIN1166A,5759887592,kmuni@example.com,Ahmednagar,2002-07-30,WEA-0587,Oni Gola,25844571,AGGRESSIVE
Oliver Setty,IBHFS3226J,3625854218,vchaudhari@example.net,Siliguri,1988-10-08,WEA-0595,Frado Rai,7050928,AGGRESSIVE
Thomas Iyer,USDLX8532Q,5833343031,bravi@example.com,Uluberia,1998-08-19,WEA-0596,Amruta Tata,24318658,MODERATE
Sudiksha Ratti,XPBXK9453E,6698616342,kala08@example.net,Chapra,1975-03-31,WEA-0597,Yashoda Chahal,18522628,CONSERVATIVE
Qasim Rastogi,KYZTC9255L,3074235914,charles48@example.net,Shahjahanpur,1995-07-06,WEA-0598,Ojasvi Dada,5857740,AGGRESSIVE
Patrick Sant,RPRFD8744H,3208652377,rratta@example.com,Maheshtala,1969-03-19,WEA-0600,Isaac Mallick,17325791,MODERATE
Utkarsh Gupta,ASXES8992S,5323661850,sharafchakradev@example.net,Pali,1987-05-08,WEA-0603,Yashasvi Dutt,39501202,MODERATE
Darpan Sood,KBKQA0204E,1212413936,cravi@example.net,Thrissur,1963-11-25,WEA-0608,Vritti Sule,34040403,AGGRESSIVE
Fariq Goyal,DVSKH2760I,8653394319,raghav08@example.net,South Dumdum,1970-11-23,WEA-0609,Chakradev Dutt,19808374,MODERATE
Ekapad Pandey,RSKOD0576Z,7000268764,trattan@example.net,Guntakal,1980-06-10,WEA-0610,Gaurav Saini,9606440,CONSERVATIVE
Lekha Palan,CBAPW6045U,7309649692,parmarlaksh@example.net,Rajahmundry,1974-10-06,WEA-0611,Kamala Shukla,47059406,CONSERVATIVE
Praneel Pillai,KDARN5128B,3159489895,odika63@example.com,Firozabad,1999-02-13,WEA-0612,Timothy Mohanty,42122841,MODERATE
Elijah Mody,MLPWM9169P,4974394640,udarshbatta@example.net,Orai,1979-02-13,WEA-0613,Tejas Walia,18639500,CONSERVATIVE
Advika Patel,SUZYO8434F,3885034236,robertmukherjee@example.com,South Dumdum,1972-04-19,WEA-0616,Hritik Bahl,32741621,CONSERVATIVE
Tarak Madan,SDEZL2028Z,1722240507,echaudry@example.net,Pondicherry,1996-12-05,WEA-0620,Hitesh Goswami,46606234,AGGRESSIVE
Chandresh Raju,CJYRE5838O,5812259095,aachal82@example.org,Kulti,1988-03-25,WEA-0621,Faraj Grewal,24830964,MODERATE
Kalpit Chad,DGCPS1018W,9017074039,isha29@example.com,Kumbakonam,1965-02-14,WEA-0622,Lucky Tailor,43364041,AGGRESSIVE
Yashoda Narayanan,ZKAXN0470R,8519537749,nathanielnadig@example.com,Agartala,1968-10-09,WEA-0624,Urvi Nagar,25371579,AGGRESSIVE
Dakshesh Kanda,VSVKT6660A,0532853863,narainpraneel@example.com,Bettiah,2000-03-13,WEA-0630,Isha Edwin,3359210,AGGRESSIVE
Dalaja Chopra,QGYKM0132O,1883527918,fsubramaniam@example.com,Varanasi,1979-03-23,WEA-0632,Oliver Ahuja,43671247,AGGRESSIVE
Dev Sarma,BJAJY9967M,4748599464,isaiah67@example.org,Berhampore,1983-06-21,WEA-0635,Samuel Rastogi,47155460,MODERATE
Harsh Parekh,SGJQX3056K,7846790870,oeshibanerjee@example.org,Kurnool,1979-06-15,WEA-0638,Champak Kashyap,35669114,AGGRESSIVE
Chakrika Mitter,CZERQ4299V,8652406221,isridhar@example.com,Mangalore,1968-09-27,WEA-0639,Jeet Anand,28709510,CONSERVATIVE
Krisha Sani,LKLYB4509S,1089857390,girishchada@example.net,Nagaon,1973-06-01,WEA-0646,Onkar Menon,32551016,CONSERVATIVE
Siya Bumb,HTQVZ7059G,3672868112,radha81@example.org,Phagwara,2004-01-09,WEA-0648,Fariq Maharaj,45695032,CONSERVATIVE
Samuel Rattan,NYWZI1587C,3589693353,ekanta61@example.com,Hospet,1989-12-03,WEA-0651,Gaurika Raju,27562245,CONSERVATIVE
Wriddhish Sura,YHGYS9255P,9028377270,aradhakrishnan@example.org,Kulti,1973-08-12,WEA-0652,Krishna Kumer,42516553,MODERATE
Ekapad Sachar,SDUON1019V,6405103880,lallaluke@example.com,Dhule,1979-03-19,WEA-0653,Adya Lad,48065334,AGGRESSIVE
Tanish Ravel,QGOTA4770M,9153860282,ojas04@example.org,Muzaffarpur,1999-12-28,WEA-0656,Ishani Seshadri,13735640,AGGRESSIVE
Krish Amble,DTSFS4410L,1932453810,hardik22@example.com,Bhopal,1986-06-24,WEA-0657,Matthew Ramakrishnan,37346560,MODERATE
Mohini Sen,CMVXY2020P,6219536890,bmunshi@example.org,Shimla,1971-05-06,WEA-0659,Advik Bal,44010334,MODERATE
Yamini Dugar,AURBL1398J,2123720550,bailandrew@example.net,Kulti,1995-07-16,WEA-0665,Sudiksha Khatri,25767777,AGGRESSIVE
Aayush Aggarwal,FHQHZ8899Z,0916923273,ybasu@example.org,Dewas,1984-07-16,WEA-0666,Pavani Srinivasan,16503355,AGGRESSIVE
Lipika Konda,LGRRO0009P,1137118151,forum82@example.net,Jalgaon,2003-06-09,WEA-0667,Abha Arora,42964853,CONSERVATIVE
Janani Jani,ABCUY5346K,4946672010,dewangavin@example.net,Durgapur,1989-05-08,WEA-0668,Bhavya Agarwal,8080936,AGGRESSIVE
Mahika Dhaliwal,EFQSU0858I,3536423570,girindradewan@example.net,Aligarh,1984-10-15,WEA-0669,Ekaraj Goda,45126217,CONSERVATIVE
Hiral Badami,DDMLO4610D,6600128382,gillsai@example.org,Coimbatore,1976-01-27,WEA-0670,Ayushman Lalla,17154617,AGGRESSIVE
Advay Tank,XUWQT6653Y,4227634601,abhimanyupau@example.com,Tirupati,1982-04-11,WEA-0671,Aashi Keer,49742059,CONSERVATIVE
Oviya Chacko,KUWGV7682R,7267086665,faraj97@example.com,Sasaram,1998-04-23,WEA-0672,Chaaya Solanki,10065448,MODERATE
Utkarsh Baria,ALZSJ7681A,5780024432,jairajraman@example.net,Yamunanagar,1987-02-22,WEA-0679,Indira Shah,4632465,MODERATE
Isaiah Yohannan,ISGEO3924B,4169105302,usoni@example.com,Ramagundam,1978-06-04,WEA-0681,Vihaan Narayan,15903914,MODERATE
Widisha Toor,JYOCW1554Q,2360244654,balhaarparmar@example.org,Kota,1961-11-02,WEA-0683,Darsh Tella,37785885,MODERATE
Jason Pathak,PWOEQ6478U,3175438027,tripti26@example.org,Phusro,1968-03-27,WEA-0684,Meera Wable,47833297,CONSERVATIVE
Niharika Balan,LROLD4886S,5340508927,narangshivani@example.com,Bangalore,1974-06-18,WEA-0686,Nisha Seshadri,46080215,MODERATE
Urvi Tella,WQKBE9775L,3842273627,parthdin@example.com,Aligarh,1994-02-22,WEA-0687,Kamala Suri,16669221,CONSERVATIVE
